Amoxicillin,Amoxicillin-Clavulanic acid,Ampicillin,Ceftriaxone,Cefuroxime,Ciprofloxacin,Clarithromycin,Levofloxacin,Meropenem_with_meningitis,Meropenem_without_meningitis,Penicillin
0.09892641,0.017515088,0.05994201,0.0019893309,0.26361364,0.0016883662,0.9616331,0.009369392,0.040245872,0.003067764,0.06073744
0.1386724,0.033489943,0.08967104,0.00540769,0.29950225,0.0049844803,0.9388961,0.019822596,0.066032045,0.00798991,0.09551121
0.14749067,0.037932236,0.09744427,0.0064540748,0.3106813,0.006050607,0.9331792,0.022946864,0.0714071,0.009451487,0.10514068
0.18199925,0.05719919,0.12552465,0.011712825,0.3445194,0.011672736,0.9117584,0.036685698,0.09353815,0.016588712,0.14208595
0.10700442,0.019714197,0.06487995,0.0022935956,0.27521387,0.0019769894,0.9590717,0.010420497,0.042702883,0.003500217,0.067734465
0.14598988,0.037557013,0.096922584,0.0064883498,0.3066395,0.005979766,0.93295044,0.023022909,0.072391644,0.009591611,0.10294181
0.11234823,0.021783814,0.06890963,0.0026926626,0.2810727,0.0023596247,0.9556865,0.0116998935,0.046461124,0.004074098,0.07258881
0.24101375,0.10932239,0.18414275,0.035624787,0.36962506,0.03630635,0.85895425,0.08449436,0.15745418,0.047410097,0.20394798
0.11551782,0.02262748,0.07042901,0.0028016781,0.2887937,0.0024876029,0.9545679,0.012113617,0.046984233,0.0042055734,0.07562707
0.07728608,0.010698738,0.043254793,0.00092513184,0.23993897,0.0007357674,0.97357845,0.0052141193,0.027440721,0.0014663655,0.042880975
0.12980561,0.02927021,0.08321411,0.004316827,0.29496512,0.0038922948,0.9446001,0.016885672,0.05859994,0.006436743,0.08864977
0.088735275,0.01405598,0.05187664,0.00139328,0.25703478,0.0011459406,0.9675524,0.0071170204,0.033469543,0.0021639161,0.052761205
0.16133857,0.045618776,0.10837533,0.008814494,0.31679878,0.008390302,0.9236175,0.028829105,0.08381375,0.012768658,0.11691508
0.071422026,0.009176951,0.03946987,0.0007165505,0.23590386,0.00055779604,0.97663623,0.0043118065,0.023637125,0.0011335717,0.039328907
0.10976403,0.020968704,0.06710066,0.0025705548,0.27686602,0.0022484409,0.95666194,0.011312932,0.045476332,0.0038828384,0.07008958
0.17102554,0.051316556,0.11712416,0.010362845,0.32911146,0.009995487,0.9174039,0.032901324,0.08937903,0.014806753,0.12893933
0.089164115,0.013879785,0.052059527,0.0013175538,0.26035616,0.0010890379,0.9683451,0.006910524,0.031835236,0.0020366411,0.053736642
0.14953129,0.038249828,0.09847072,0.006378304,0.317483,0.0059542544,0.9333267,0.022917474,0.0705915,0.00934362,0.108464964
0.0627126,0.00725345,0.033736322,0.0004996758,0.22363748,0.000376584,0.9805117,0.0032745274,0.019716049,0.00080273283,0.033045128
0.15241876,0.040714756,0.102205805,0.0072770664,0.3132588,0.006775396,0.92964303,0.025173325,0.07562397,0.010623378,0.11043594
0.02710447,0.0016117386,0.012248213,5.399461e-05,0.15379049,3.303351e-05,0.9937644,0.0006220859,0.006320648,9.633151e-05,0.010455837
0.19926828,0.07036132,0.14214468,0.016614715,0.35282066,0.01669,0.8980039,0.047811784,0.11037988,0.023199052,0.16016813
0.09864778,0.01697501,0.058520496,0.001852421,0.26759917,0.001567359,0.9630609,0.008768377,0.03824614,0.0028160803,0.060981832
0.14560232,0.036739796,0.09527529,0.0061815903,0.309534,0.005753331,0.9345089,0.02208302,0.070345156,0.00907661,0.10238637
0.105437845,0.019019889,0.06385924,0.0021091057,0.27973497,0.0018210029,0.9602526,0.009928498,0.040439673,0.0032069387,0.06773785
0.21190235,0.0786895,0.1526615,0.01859992,0.37159768,0.01928512,0.89238006,0.053641815,0.11387975,0.025944816,0.17931624
0.09115583,0.01475471,0.05357541,0.0015269041,0.25318375,0.0012629331,0.96648806,0.007588746,0.03527556,0.002381878,0.05403953
0.13029912,0.02938453,0.08269534,0.0043826196,0.29242697,0.0040180637,0.94415504,0.016997168,0.059848987,0.0065493966,0.08738828
0.12988864,0.02968325,0.08449912,0.0044000377,0.2977146,0.0039068623,0.94412136,0.017097734,0.059269536,0.0065979646,0.08975152
0.1702862,0.051617853,0.11655387,0.010936446,0.31915894,0.010515662,0.9159967,0.033919316,0.09398316,0.015780658,0.1247479
0.081903294,0.0122162765,0.04756072,0.0011486089,0.24378243,0.000924967,0.97075754,0.0061596525,0.030520525,0.001813615,0.04702345
0.10779781,0.020328792,0.06564595,0.0024913445,0.27197367,0.0021872094,0.9574456,0.011051452,0.045216624,0.0038058807,0.06735277
0.26692203,0.13146833,0.20569883,0.042900417,0.40709296,0.046442423,0.8460591,0.101900086,0.16463128,0.056497775,0.24534702
0.13535672,0.030762529,0.085688174,0.0043783705,0.3114528,0.004039355,0.9438256,0.016887413,0.057799533,0.006381823,0.09609992
0.20683423,0.076661386,0.14956366,0.019093337,0.35655022,0.019353366,0.89040226,0.05365488,0.11868526,0.02659409,0.1677923
0.17525536,0.05345923,0.12010781,0.010977744,0.33270085,0.010661962,0.91517675,0.034434844,0.0920756,0.015699854,0.13264336
0.11231684,0.022103794,0.06887999,0.0028581277,0.2749744,0.0024961994,0.9546396,0.012238007,0.048788678,0.0043628355,0.07114137
0.18354365,0.05875296,0.12737586,0.012536206,0.34262004,0.012472532,0.910023,0.038134567,0.09649284,0.017642159,0.14296734
0.43805218,0.3921556,0.41783777,0.29239193,0.49838743,0.30779406,0.63404286,0.3622704,0.3846328,0.3163602,0.4733785
0.14601414,0.036829975,0.09618818,0.006167592,0.3110362,0.005716977,0.9340933,0.02223822,0.07007069,0.009097869,0.1037438
0.14011899,0.033822026,0.090753205,0.0053697154,0.3055028,0.0049972436,0.9385269,0.019917708,0.065281786,0.007891786,0.09756388
0.09627184,0.016629687,0.058020882,0.001864069,0.25960746,0.0015502669,0.9629669,0.008872949,0.039035656,0.0028956393,0.058414895
0.1278672,0.028558753,0.08167232,0.0042101108,0.2923422,0.003813447,0.94505346,0.01660413,0.058321968,0.0062952186,0.08574039
0.1736335,0.051948022,0.118900366,0.0101357205,0.33749384,0.009881658,0.9183074,0.032677963,0.08729523,0.014482622,0.13361496
0.13825133,0.033540785,0.089125596,0.005497814,0.2984907,0.0050698477,0.93849856,0.020086585,0.06702346,0.0081089,0.09460904
0.10400705,0.01894363,0.062969685,0.0022220174,0.2685829,0.0019008116,0.9596931,0.010141012,0.04245094,0.0034100718,0.064660035
0.10251343,0.01833311,0.061565634,0.0020943943,0.26832053,0.0018034069,0.96055835,0.009722175,0.0415013,0.00322715,0.06295706
0.11839142,0.024295593,0.07365397,0.0032212406,0.28625697,0.0028684323,0.9511819,0.0135728195,0.05123176,0.004872284,0.07727663
0.16657935,0.047493972,0.11210125,0.0088368235,0.3332476,0.00852947,0.92285824,0.029070636,0.081792355,0.012627083,0.12667446
0.09159164,0.014722477,0.0540239,0.0014509914,0.26348454,0.0012023923,0.9668064,0.007432069,0.033558596,0.002240896,0.05606058
0.09330546,0.015541108,0.055162318,0.001665334,0.2546734,0.0013942065,0.9649725,0.00812094,0.03707338,0.0025961613,0.055479296
0.09591759,0.016343616,0.05778893,0.0017407434,0.26604825,0.0014579978,0.9637322,0.00852641,0.037229437,0.0026932852,0.059265334
0.059891455,0.006608684,0.03188043,0.00042821886,0.22133769,0.00031920784,0.98192924,0.002920174,0.017985478,0.0006882404,0.031222487
0.037279602,0.0028236127,0.017806692,0.000121925186,0.17763583,8.095258e-05,0.9905414,0.0011332785,0.009612635,0.00020788607,0.016060991
0.33618587,0.22925843,0.2882221,0.11406519,0.43671298,0.12206094,0.7624802,0.20780332,0.25378427,0.13721335,0.3346772
0.18194258,0.055933915,0.123837665,0.011088055,0.34907252,0.011037597,0.9149465,0.034727383,0.08987182,0.015577702,0.14378044
0.102713525,0.018866416,0.062472966,0.0022706243,0.26281312,0.0019407544,0.95945925,0.0102618635,0.043459363,0.0035098968,0.06324506
0.16050619,0.04449643,0.10788919,0.008193341,0.32186896,0.007839063,0.925731,0.027580315,0.07981402,0.011867041,0.117869206
0.1812849,0.057383537,0.12538153,0.012098829,0.3405275,0.011892129,0.91030294,0.037602577,0.096448824,0.017271841,0.13972926
0.07668674,0.010473425,0.04317229,0.00086790655,0.24385557,0.00068840507,0.97439957,0.0049883984,0.02581341,0.0013601681,0.043479238
0.12970556,0.029294938,0.08245907,0.0044004368,0.29145208,0.0039930553,0.9443347,0.016981758,0.06025325,0.0065976586,0.08671377
0.20998079,0.08039338,0.15389764,0.021268532,0.35503632,0.021301016,0.8863114,0.05732624,0.12485299,0.029401073,0.17072548
0.12417351,0.026498217,0.07801779,0.0036292162,0.29283723,0.0032669771,0.94881177,0.014782747,0.053742327,0.0054295305,0.08321133
0.09717486,0.016539916,0.05755673,0.0017663344,0.26740384,0.0014948316,0.9634739,0.0085649965,0.037609093,0.0027042802,0.059713025
0.16978568,0.05011405,0.11603962,0.009776237,0.33181,0.009447769,0.919365,0.031653512,0.08619962,0.01403378,0.12889907
0.09878317,0.01732328,0.05921645,0.00197057,0.26139352,0.0016631522,0.9621551,0.009217079,0.04023594,0.0030453554,0.06008957
0.053102843,0.00540006,0.027787223,0.00032457506,0.20630129,0.00023463104,0.9842406,0.002377723,0.016046792,0.0005401668,0.026100032
0.073989294,0.010145705,0.041632354,0.0008668713,0.23254327,0.00069098384,0.97457,0.004958277,0.026748003,0.0013802561,0.040546414
0.15209168,0.0391205,0.09961909,0.006430043,0.32244718,0.006096704,0.93312466,0.02303815,0.0700747,0.009359559,0.11160915
0.25097358,0.11767338,0.19267815,0.03834037,0.38400337,0.03976586,0.8533592,0.09112915,0.16057003,0.05071225,0.22047147
0.109841146,0.02088674,0.06717445,0.002541401,0.2751551,0.0022075316,0.95705914,0.01122149,0.045336965,0.0038919065,0.06977597
0.13558199,0.032175045,0.0882875,0.0050113113,0.30141878,0.004611603,0.9402554,0.019037765,0.06315065,0.0074283513,0.09380825
0.10804733,0.020201886,0.06516603,0.00241498,0.27662328,0.0021037334,0.9581686,0.010696381,0.04381546,0.0036369266,0.06869896
0.08287246,0.012222045,0.047376264,0.0011242834,0.24783254,0.0009138541,0.9710226,0.00603432,0.029853085,0.0017500278,0.047740437
0.2111885,0.07986088,0.15205923,0.020773662,0.3558773,0.020770255,0.88694143,0.05620659,0.1248399,0.028803555,0.17124632
0.14474536,0.035957582,0.09384217,0.0059377477,0.30836645,0.0055495016,0.93600535,0.021317758,0.068854384,0.0086986115,0.101651154
0.14881906,0.038143426,0.097955905,0.006459896,0.31311455,0.0060727596,0.93323576,0.02289607,0.07127661,0.009436931,0.106429674
0.12408103,0.026650056,0.077207066,0.0037722348,0.28851447,0.003393403,0.947979,0.015075772,0.05576024,0.0056465007,0.08185823
0.19636159,0.06784404,0.13944884,0.015382109,0.35378814,0.01541672,0.9010313,0.045444045,0.106070325,0.02169685,0.1586967
0.2210695,0.08948136,0.16436133,0.024569396,0.36709577,0.02490601,0.87877357,0.06470554,0.13181445,0.033649188,0.18641183
0.26172245,0.13117723,0.2057426,0.04559299,0.39377734,0.047319032,0.8425187,0.10439484,0.1719208,0.059424825,0.23717633
0.06924908,0.00882085,0.038387354,0.0006880754,0.22962691,0.0005301398,0.9773406,0.004172556,0.023270331,0.0010972631,0.037502665
0.1424484,0.03515518,0.092910476,0.005753257,0.30805734,0.005301518,0.9366025,0.021002498,0.067431405,0.008444823,0.100495756
0.14274769,0.034888223,0.092631295,0.0055148206,0.3125238,0.005155205,0.9377914,0.020310855,0.06509528,0.008011641,0.10218417
0.09793046,0.016693179,0.05836685,0.0017596546,0.26772273,0.0014829024,0.96368235,0.00860337,0.03741134,0.002714411,0.06047788
0.15196204,0.040254265,0.101365805,0.007081224,0.31516063,0.0066291257,0.93070894,0.02452034,0.074280486,0.010287063,0.11030039
0.10352486,0.018492455,0.062256057,0.0020884343,0.27401295,0.0017845716,0.96100014,0.009601233,0.040377915,0.003160527,0.06525714
0.14800696,0.0383348,0.097649895,0.006743906,0.30531782,0.0062955855,0.93273103,0.023491465,0.07390332,0.009923898,0.10392995
0.15339313,0.041399002,0.10301753,0.0075406614,0.31281856,0.007040725,0.92861843,0.025746202,0.07728009,0.010998021,0.110383965
0.20078442,0.07111259,0.14360155,0.016950862,0.35320985,0.017002564,0.8978611,0.048144232,0.11102494,0.023538604,0.16190013
0.036179323,0.002668911,0.017294625,0.00011130378,0.17655508,7.36131e-05,0.9908723,0.0010656721,0.009090327,0.0001907524,0.015607249
0.05362268,0.005451888,0.027893301,0.00032563944,0.20941542,0.00023706027,0.9841995,0.002378565,0.015836142,0.0005331729,0.02660549
0.10647042,0.020056067,0.06496621,0.002464242,0.27041307,0.0021369734,0.95765287,0.010939737,0.04481249,0.003754356,0.0668398
0.09615369,0.01616373,0.05680359,0.0017046178,0.2639924,0.0014428061,0.96437544,0.008298235,0.03690167,0.0026191082,0.05838097
0.110693,0.020515423,0.067108415,0.002318223,0.288945,0.0020165758,0.9586685,0.010615522,0.04162079,0.0034762314,0.07331169
0.042628814,0.0036559172,0.021413762,0.00018322379,0.18633212,0.0001252417,0.9883585,0.001545551,0.01187302,0.00031062975,0.019361783
0.35409766,0.25636658,0.31036606,0.1335516,0.45278168,0.14421144,0.7450096,0.23350361,0.26890054,0.15861043,0.3650437
0.09189391,0.015069994,0.054170243,0.001578431,0.25461653,0.001309562,0.9659442,0.0077831205,0.035952244,0.0024521356,0.05463381
0.1915083,0.06222271,0.13248278,0.012158058,0.36863726,0.012442556,0.9111413,0.038869236,0.09143701,0.017196877,0.16193365
0.27997556,0.15140891,0.22215614,0.05645502,0.40644687,0.059549436,0.8247632,0.12328029,0.18944079,0.07241163,0.2600114
0.2165571,0.08467739,0.15705025,0.022639288,0.36311787,0.022988554,0.8820846,0.060263667,0.12877168,0.031050308,0.17782325
0.10642146,0.019879974,0.06453509,0.0024152375,0.26949063,0.002088167,0.9582634,0.010708802,0.044480257,0.003686555,0.06655205
0.11271293,0.022554616,0.0704848,0.0029535126,0.27637792,0.0025706994,0.9536471,0.012639026,0.049167946,0.0045099338,0.072443694
0.18548658,0.060361587,0.1291256,0.013227371,0.34136143,0.012968158,0.9075974,0.03980544,0.10014762,0.018725133,0.14444122
0.3561884,0.2603948,0.31365758,0.13765162,0.4545645,0.14839411,0.7427623,0.23884426,0.27187395,0.16390087,0.37042198
0.15479891,0.041956294,0.10358384,0.007687684,0.31405148,0.0072138063,0.9281478,0.02607737,0.07795478,0.011169496,0.11174598
0.06331755,0.00754508,0.034200147,0.00055404485,0.21808307,0.00041688714,0.9798024,0.0035208946,0.021247104,0.00089885393,0.032788403
0.14802751,0.03762716,0.09655757,0.00629848,0.3127798,0.0059340247,0.93409246,0.022376701,0.0704855,0.0091739,0.10525128
0.05723713,0.0060830405,0.030083157,0.00037721064,0.21600154,0.00027936482,0.98301864,0.0026697412,0.016991537,0.00061233866,0.029061316
0.24138612,0.10788095,0.18304083,0.032702677,0.38165307,0.033835758,0.862508,0.08115081,0.1493125,0.043983135,0.2116155
0.107446454,0.020329248,0.06525904,0.0025246837,0.27051732,0.0021831484,0.95728785,0.011085896,0.045565546,0.0038406556,0.06729806
0.13466391,0.031406943,0.08639588,0.0047855373,0.30304304,0.004348158,0.9417143,0.018292861,0.061680127,0.0070747235,0.09323499
0.14011079,0.033480242,0.09021617,0.0052007586,0.30907756,0.0047969674,0.9392582,0.019566631,0.06403711,0.0076606497,0.0983194
0.10820733,0.020695034,0.06684389,0.0025480422,0.27467197,0.0021906246,0.9569576,0.011238571,0.04529242,0.003894288,0.06924908
0.09699043,0.01643944,0.05776027,0.0017505959,0.26551065,0.0014699608,0.9639683,0.008484653,0.037207086,0.0026895017,0.05954685
0.1120123,0.021826489,0.0695651,0.0026787797,0.28364277,0.0023352604,0.95553464,0.011847653,0.04578628,0.0040495866,0.07352677
0.1409372,0.034433957,0.09127863,0.005619533,0.30148527,0.0051756795,0.9377917,0.020458343,0.067687996,0.00831743,0.09729032
0.0918591,0.015121771,0.054687742,0.0015733098,0.25791433,0.0013092651,0.9655623,0.007870773,0.035695247,0.0024501802,0.05515315
0.06368734,0.0074218106,0.034715854,0.00051131105,0.22652934,0.00038504734,0.9801282,0.0033720166,0.01982672,0.00082773285,0.034042347
0.14652847,0.037267163,0.09643903,0.0062771738,0.30985245,0.00584609,0.93443966,0.022293083,0.07011914,0.009180738,0.10440763
0.08878925,0.014038894,0.051913965,0.0013992912,0.25313908,0.0011503887,0.9676068,0.0071510174,0.033666946,0.0021856208,0.052347388
0.2602263,0.12773418,0.20001309,0.04249767,0.39124313,0.04486153,0.84312636,0.10022715,0.17063749,0.056483082,0.23027588
0.1295174,0.029408205,0.08293039,0.0044516874,0.29238293,0.0040118326,0.9439925,0.017229248,0.060218703,0.0066504716,0.086914614
0.119243056,0.024541156,0.074677445,0.0032101627,0.28909826,0.0028528299,0.951341,0.013595758,0.0505097,0.004846187,0.07915864
0.262975,0.13151366,0.20473087,0.045815393,0.38958478,0.047924716,0.8401162,0.10510551,0.17502613,0.06023488,0.23333092
0.15201913,0.03984122,0.10007553,0.0069826324,0.31429476,0.006620151,0.93099463,0.024164256,0.07430495,0.010139855,0.108897634
0.24369699,0.10868642,0.18286756,0.033448894,0.38326398,0.034835774,0.8616745,0.081517056,0.15087074,0.044295844,0.21192019
0.12903722,0.029112946,0.08286576,0.004329654,0.292463,0.00391153,0.9446484,0.016901985,0.059021115,0.0064607775,0.087281905
0.11371946,0.021895938,0.06938633,0.0025967478,0.29089168,0.002284737,0.95634913,0.011529552,0.044602077,0.0038805169,0.075331084
0.22424413,0.08947667,0.16448145,0.022866257,0.379361,0.023929754,0.88243604,0.06279958,0.12505575,0.03152117,0.19404371
0.10053544,0.017950332,0.060621336,0.0020688844,0.2640135,0.0017682455,0.9608925,0.0096271215,0.041311316,0.003192418,0.061516482
0.17794693,0.054906253,0.12176797,0.011235276,0.33943954,0.010979132,0.9136672,0.035037875,0.09314539,0.016020065,0.13686502
0.061452966,0.006956696,0.03308562,0.00046938797,0.22065169,0.00035283377,0.98112166,0.0031495343,0.018958626,0.0007562689,0.03201613
0.15433583,0.042226437,0.10436302,0.0077736364,0.31448594,0.0072068837,0.9269504,0.02649688,0.07903093,0.011415777,0.11180515
0.06850118,0.008561041,0.037629195,0.00064530293,0.23090407,0.00049896236,0.9779047,0.0039613405,0.022502294,0.0010298138,0.036934014
0.14709641,0.03742483,0.097064145,0.006262435,0.31062713,0.005843741,0.9341214,0.022553818,0.07043323,0.00922764,0.104883246
0.1860379,0.060159694,0.13037989,0.0128016565,0.3464516,0.012677472,0.90917444,0.039152827,0.097296566,0.018165953,0.14699037
0.16874641,0.048565183,0.114468016,0.008861817,0.33801344,0.008618004,0.92269206,0.029936638,0.08114345,0.01277885,0.13041759
0.09907039,0.017155671,0.058778625,0.0018606377,0.26988232,0.0015889647,0.96256626,0.008881759,0.038498048,0.0028410098,0.061233103
0.09850332,0.017083107,0.058923475,0.0018839982,0.26621518,0.0015884164,0.9626799,0.008956973,0.03893122,0.002890077,0.0605896
0.033430085,0.0023003793,0.015739193,8.709658e-05,0.17252067,5.64098e-05,0.9918989,0.00089394714,0.007953924,0.00015078622,0.014153159
0.20752868,0.07642126,0.1499921,0.01854081,0.36326927,0.018905262,0.89208436,0.052930918,0.115327515,0.025824955,0.17128775
0.08313713,0.01225242,0.04754259,0.0011239328,0.24685822,0.0009165023,0.9709047,0.006044668,0.030072855,0.0017644789,0.04774801
0.072135225,0.009399451,0.040403973,0.0007362079,0.23805407,0.0005720115,0.97648686,0.0043825866,0.023703404,0.0011642401,0.04032053
0.17542766,0.05248162,0.120134115,0.009651456,0.34701607,0.009587803,0.9194061,0.03247161,0.08412432,0.013951195,0.13986997
0.12533733,0.027038576,0.0793816,0.0037474192,0.2963034,0.0033525098,0.94812286,0.01521252,0.054148145,0.0055728448,0.08529032
0.14682442,0.037131313,0.095280655,0.0063204835,0.30851632,0.005901259,0.9344831,0.02222718,0.071493216,0.009270311,0.10294692
0.09006405,0.014628723,0.053094085,0.0015215889,0.25111005,0.0012682949,0.9664927,0.007597714,0.035411276,0.0023797012,0.05299318
0.10268492,0.018247508,0.06164754,0.002040273,0.2723867,0.0017529764,0.9611377,0.009518168,0.040025,0.0030979614,0.06444191
0.15023345,0.038857702,0.09918306,0.0065818974,0.31599987,0.006205528,0.93267983,0.0233005,0.0713242,0.009571583,0.10856419
0.082711935,0.012324126,0.047808148,0.0011489376,0.24727154,0.0009261417,0.9706041,0.006169129,0.030311467,0.0018005341,0.047847517
0.16463815,0.0468796,0.11151269,0.008789057,0.32710758,0.008417088,0.92345095,0.029099505,0.08191039,0.012651601,0.12335468
0.17912158,0.05589969,0.12388608,0.011558541,0.3399066,0.011281844,0.9128832,0.03611686,0.09342337,0.016453275,0.13894108
0.057877824,0.0063627176,0.030581888,0.0004228411,0.21256813,0.00031350044,0.98218334,0.0028827826,0.018439023,0.0006895935,0.029107671
0.1420048,0.034736138,0.092103906,0.0056045144,0.3061997,0.0052062506,0.9369841,0.02058131,0.06744577,0.00829674,0.09901124
0.10679723,0.020071132,0.06501877,0.0024556417,0.27054998,0.002134306,0.9576978,0.010929639,0.044957217,0.0037502276,0.06668967
0.07326954,0.009951469,0.04167774,0.0008431049,0.23321603,0.0006569599,0.97495157,0.004871135,0.026025845,0.001348117,0.040420935
0.1298837,0.028780233,0.08268306,0.0040542837,0.30223846,0.0036974296,0.94586253,0.016218156,0.055942964,0.005997654,0.089773916
0.089191906,0.014055961,0.051663604,0.0013861543,0.25483212,0.001151155,0.9677454,0.0070633437,0.033546284,0.002157238,0.052474037
0.15927395,0.04459479,0.10756473,0.008390544,0.31854022,0.008041137,0.9246123,0.028098704,0.08117113,0.012153026,0.11606572
0.12936935,0.028970515,0.08295164,0.0041958294,0.29835072,0.003770617,0.9453816,0.016565695,0.057388145,0.006235149,0.089000545
0.058867775,0.0064887367,0.031657793,0.00042174308,0.21848625,0.00031176847,0.9821018,0.002902665,0.017893665,0.00068440445,0.030449534
0.24036743,0.102979034,0.17617825,0.027478596,0.39833736,0.02958161,0.87098986,0.07337873,0.13573541,0.037576754,0.21654347
0.123973,0.026022267,0.076513946,0.003409399,0.30040216,0.003081551,0.94953907,0.014206656,0.05202128,0.0050927703,0.08412943
0.38319415,0.3033345,0.34867603,0.17679308,0.47071254,0.18735394,0.7126819,0.27141654,0.30406642,0.20300232,0.41301194
0.22017263,0.08576753,0.15766329,0.020611612,0.38282987,0.021760736,0.88498497,0.058615267,0.120895475,0.02886729,0.19174151
0.85185224,0.87838966,0.8184434,0.85817164,0.8984943,0.8557391,0.23959221,0.14492945,0.8260239,0.8751954,0.89321154
0.18096735,0.058030553,0.12621824,0.012689545,0.33417383,0.012148514,0.9088869,0.038371887,0.099822894,0.018233152,0.1395419
0.30467996,0.18633857,0.25355044,0.07700046,0.42178717,0.08163578,0.7999263,0.15776798,0.21630281,0.09798636,0.30027375
0.20237027,0.07342554,0.1451202,0.01728018,0.3606508,0.017348973,0.89457333,0.050319705,0.11305676,0.024320938,0.16796696
0.29275706,0.16513874,0.23192935,0.05842767,0.4349813,0.06481715,0.8219964,0.13273026,0.1865043,0.075632714,0.29333347
0.08119625,0.011996697,0.046543285,0.0011310531,0.24271438,0.00090421154,0.9709547,0.006087519,0.030647166,0.001794634,0.045754336
0.27473179,0.14785375,0.22113226,0.05558034,0.39932433,0.058232334,0.8266393,0.122456595,0.18797858,0.07170328,0.2531609
0.10179842,0.01839316,0.062265895,0.0021122452,0.27060387,0.0017803845,0.9605205,0.009784643,0.041243825,0.0032513198,0.0639098
0.10581837,0.019370286,0.064107604,0.0022253594,0.27894303,0.0019407211,0.95873237,0.010258343,0.042099148,0.003393532,0.06703856
0.28976563,0.158837,0.22828306,0.057201587,0.4285699,0.0632092,0.82502043,0.12864804,0.18347944,0.07335939,0.28220117
0.18151073,0.058281764,0.12604028,0.012926167,0.33203408,0.0125846295,0.9090261,0.038811244,0.100511745,0.018420395,0.13721858
0.16322032,0.045625415,0.108255886,0.0085753035,0.32307053,0.008178575,0.9234867,0.028484963,0.083028026,0.012488687,0.11879181
0.1883283,0.06350429,0.13372757,0.014480042,0.3423364,0.0141870165,0.90325767,0.04307394,0.10480452,0.020454139,0.14788711
0.1365398,0.0321578,0.08838642,0.0049108784,0.30497098,0.0045069377,0.9405993,0.018860027,0.062263064,0.007267328,0.095367745
0.26534626,0.13554412,0.21088056,0.044537954,0.4016724,0.047126092,0.8427772,0.106628776,0.17017213,0.05996589,0.2501762
0.21331646,0.08089717,0.15471092,0.019829258,0.3704962,0.02044252,0.88844126,0.05612097,0.11851244,0.027588282,0.18048657
0.36823177,0.27856767,0.32797238,0.1461342,0.46549112,0.158216,0.7354898,0.24800575,0.28138408,0.1754637,0.39230093
0.32301578,0.21071479,0.27407685,0.09784444,0.43249413,0.104953945,0.7797281,0.18776025,0.23540217,0.119939044,0.3215344
0.2946861,0.17357147,0.24378055,0.0702003,0.41473895,0.074387446,0.8084251,0.1469082,0.20620984,0.08935424,0.28560954
0.038253654,0.0030290014,0.018748531,0.0001356396,0.18275182,8.9186484e-05,0.9896327,0.0012521697,0.010322242,0.00023585455,0.016821034
0.18225989,0.056882996,0.12496466,0.011256347,0.35069454,0.011227714,0.9132009,0.03583402,0.09126235,0.01610635,0.14532648
0.14179885,0.034717698,0.092605345,0.0054572118,0.31218654,0.0049757827,0.9377241,0.020180298,0.06599372,0.008165137,0.102017574
0.13435744,0.03137704,0.08652443,0.0048062047,0.30131963,0.0043763192,0.9415034,0.018203216,0.062140357,0.007156826,0.09257019
0.4735229,0.4429935,0.45993808,0.31728098,0.54526097,0.3346684,0.6197954,0.35918447,0.40038735,0.35002998,0.5410318
0.403749,0.33924899,0.37945154,0.2184066,0.480458,0.23009065,0.683339,0.3103612,0.33441305,0.24704003,0.4394922
0.20107274,0.07411416,0.14682376,0.018509556,0.3503894,0.018116407,0.89210844,0.051980402,0.11768572,0.025984509,0.16342726
0.2014831,0.07365297,0.14650613,0.017924512,0.353126,0.01785694,0.89314234,0.05109627,0.115589075,0.0252222,0.16421296
0.2903809,0.17071252,0.24217372,0.07175153,0.40307397,0.0742902,0.80674297,0.14729707,0.21097828,0.090788,0.27413297
0.16139479,0.043486077,0.10562929,0.0073364098,0.3358292,0.0071069053,0.9285277,0.025555363,0.07458723,0.010601008,0.12247785
0.5201476,0.5101275,0.5105855,0.40979505,0.58033323,0.42964882,0.56690645,0.3896579,0.46256083,0.44519916,0.5934905
0.3681863,0.2829363,0.3322771,0.15700285,0.46320185,0.16826645,0.72687054,0.2596216,0.28762442,0.18452983,0.3935808
0.30605632,0.18959332,0.25600874,0.07967805,0.4245397,0.08453784,0.79641545,0.1622565,0.21814251,0.100701936,0.3049402
0.31922713,0.20728585,0.27095196,0.094741546,0.43112168,0.101514004,0.7819676,0.18404517,0.23288275,0.11674489,0.31801733
0.19011909,0.062426846,0.13231377,0.012944236,0.3569416,0.013098598,0.9074659,0.040368095,0.097012654,0.018415017,0.15487383
0.28637826,0.16008316,0.23074588,0.058259852,0.42014247,0.06310035,0.82243127,0.13055545,0.18864371,0.075871535,0.27922723
0.65824556,0.6780531,0.6446261,0.63696545,0.7055382,0.6488773,0.42665005,0.34874088,0.6319261,0.6651215,0.72392136
0.5036238,0.48057568,0.4835367,0.37232497,0.5642046,0.3962,0.58656335,0.38186863,0.44010684,0.4105416,0.56937534
0.12877703,0.027570345,0.080075555,0.0035805472,0.31292343,0.0032802846,0.9488639,0.014957621,0.0517782,0.005312964,0.09115389
0.06432589,0.0075061964,0.03479102,0.0005098743,0.23079917,0.00038523294,0.98020613,0.0033466332,0.019556804,0.00081735855,0.03486913
0.25575435,0.12330615,0.19727169,0.039498862,0.3974319,0.041648958,0.8497705,0.095289454,0.16159539,0.05243623,0.23141135
0.81649464,0.84153646,0.7860562,0.82590026,0.86483324,0.82691413,0.27027223,0.18289538,0.7934882,0.8428851,0.8596901
0.27398965,0.14860125,0.22178252,0.05580239,0.3957182,0.05764392,0.82553357,0.122430235,0.19058017,0.07283367,0.2539534
0.2655645,0.13325825,0.20451723,0.04125016,0.4136677,0.0447584,0.8456157,0.101073354,0.1636107,0.055486552,0.2552119
0.5179315,0.5127498,0.5209129,0.4297308,0.5695335,0.44053733,0.55572563,0.39393753,0.4766775,0.45603168,0.58649325
0.7111373,0.73207855,0.6841926,0.68439907,0.7613371,0.69686276,0.3944848,0.3030952,0.6781119,0.7259133,0.7772761
0.37506032,0.28384697,0.32761338,0.15942536,0.47150257,0.17506927,0.7255025,0.25984797,0.28632438,0.18502143,0.39475405
0.17672056,0.05513807,0.122142725,0.011172593,0.34029448,0.010745569,0.9131844,0.035539303,0.09362707,0.016123815,0.13794617
0.5941767,0.6027195,0.5825877,0.5357245,0.64299375,0.55472744,0.4906416,0.38731673,0.5565413,0.57183135,0.6651952
0.22151743,0.08796053,0.16044767,0.022609375,0.37535292,0.023132848,0.88157,0.061305813,0.12766995,0.03126379,0.19082198
0.22914903,0.09698432,0.17223878,0.027735978,0.37299758,0.028197756,0.8716665,0.07121559,0.13978861,0.037921887,0.19709077
0.7278916,0.7510588,0.7042409,0.7257824,0.7756556,0.73422307,0.35981736,0.2839384,0.70653117,0.7509001,0.783207
0.2789434,0.14505133,0.21415655,0.047433443,0.42822573,0.053045116,0.8378174,0.11254391,0.16912836,0.06203017,0.2698621
0.3828252,0.3090726,0.35636434,0.18988314,0.46187374,0.19925478,0.7002038,0.28567296,0.3168834,0.21511462,0.4035516
0.69807833,0.7212709,0.677311,0.6833584,0.7481125,0.6925213,0.39525533,0.3126185,0.6693891,0.71186674,0.76232046
0.17561214,0.054680016,0.12291024,0.011153682,0.33696422,0.010829017,0.91331613,0.035514846,0.092795804,0.016128989,0.13574208
0.90889144,0.93159264,0.879623,0.9180644,0.94582415,0.90987045,0.16717301,0.08781009,0.8846849,0.9244,0.93990415
0.09273003,0.015090322,0.054437567,0.0014917894,0.26662406,0.0012474285,0.96601504,0.007497537,0.03437575,0.002313203,0.056849238
0.2884247,0.15863147,0.22668079,0.054249562,0.43126333,0.060234804,0.82669795,0.124327585,0.1807733,0.071209066,0.28681785
0.054591265,0.005764415,0.029007029,0.00037036222,0.20637721,0.00026813368,0.9832894,0.0026334717,0.017149577,0.0006139284,0.026946366
0.08069635,0.011494005,0.045912977,0.0009874117,0.25274396,0.0007945983,0.9724467,0.0055304472,0.02739507,0.0015336449,0.04704645
0.070864394,0.008975397,0.039060827,0.0006498921,0.24563545,0.0005137361,0.9773257,0.0040563717,0.02183066,0.0010134393,0.040417165
0.2547769,0.12189065,0.19699323,0.039410915,0.39066762,0.041400846,0.8506316,0.09411742,0.16166458,0.052441303,0.2284327
0.08722236,0.013960769,0.052144203,0.0014317402,0.24925965,0.0011558612,0.9672084,0.0072963955,0.034597483,0.002282143,0.051032133
0.78158355,0.80542535,0.74945474,0.77725077,0.83063203,0.78277284,0.31748873,0.22583754,0.75411093,0.8054384,0.833873
0.1575423,0.040288374,0.10066295,0.0057327957,0.35227248,0.005790232,0.93554896,0.0220318,0.06312625,0.008333997,0.12694962
0.20198816,0.07194618,0.14380702,0.01594978,0.36483952,0.016268836,0.8975973,0.04734831,0.10891088,0.022852017,0.16942365
0.20882286,0.081145905,0.15437709,0.021982161,0.35192257,0.021455754,0.88463694,0.058636118,0.1273827,0.03040447,0.17072526
0.18901764,0.06407235,0.13498978,0.014482534,0.34503224,0.014176522,0.90272975,0.04328513,0.104952365,0.020666994,0.15025826
0.23970465,0.101050325,0.17462084,0.02595564,0.40428537,0.028396295,0.8749643,0.070727445,0.1292467,0.035383794,0.22003216
0.7674592,0.79271466,0.7408766,0.7734531,0.8171673,0.7772849,0.32025373,0.23820321,0.74460834,0.79350764,0.8178597
0.15091944,0.0392771,0.10012772,0.0064975773,0.32314363,0.006167077,0.9321063,0.023474963,0.07067432,0.009484024,0.111430906
0.34883904,0.2478562,0.3018902,0.12915286,0.44887853,0.13919352,0.750978,0.22621599,0.26442397,0.15266737,0.3565513
0.07390378,0.010014696,0.04198328,0.00082399946,0.23981029,0.00064324285,0.9748489,0.0047956263,0.025598051,0.001322028,0.041390367
0.2841306,0.15856078,0.23001665,0.061204024,0.40707162,0.064110115,0.81971514,0.1317142,0.19618669,0.07876864,0.2677188
0.34094656,0.24174178,0.3002989,0.12644781,0.43534604,0.13378593,0.75168246,0.22202633,0.26595825,0.15053569,0.34295112
0.13504541,0.032457918,0.088677764,0.00530983,0.29381466,0.004747263,0.9391966,0.01964597,0.06649893,0.008031038,0.091653034
0.34005842,0.2376016,0.2941896,0.1195821,0.44412592,0.12853856,0.7583349,0.2164562,0.25615898,0.1434014,0.3463061
0.34847265,0.24615338,0.29706246,0.11068786,0.47241825,0.12402866,0.7641307,0.2114371,0.24268891,0.13615152,0.3761132
0.2210513,0.08747344,0.16048107,0.02206993,0.37838638,0.022930302,0.88259554,0.061107393,0.12529679,0.030784167,0.19169837
0.21580257,0.08458549,0.1586115,0.021504894,0.3689694,0.021921657,0.8842887,0.059473954,0.124465436,0.030034136,0.18363555
0.19650821,0.069615714,0.1408934,0.016495382,0.34946087,0.015978491,0.8974913,0.04711982,0.11223263,0.023281394,0.15878369
0.2761711,0.14961787,0.22185317,0.05550779,0.40292978,0.057574466,0.8270368,0.12200865,0.18860927,0.07195729,0.25940332
0.21987447,0.08908751,0.16182745,0.023992077,0.3667049,0.024032624,0.8784149,0.06374722,0.13363193,0.033151936,0.18626526
0.104464635,0.019405097,0.06416855,0.002299282,0.27369654,0.0019484264,0.9583296,0.010539723,0.043313585,0.0035417916,0.06613801
0.14670753,0.037788555,0.09733724,0.006452295,0.3113593,0.0059072035,0.93241256,0.023095068,0.07239833,0.009554439,0.10451545
0.15684333,0.04313156,0.10540664,0.0077445107,0.32180604,0.0072702044,0.9263284,0.026651587,0.07879403,0.0113843335,0.11588491
0.20001648,0.07288148,0.14474788,0.018267276,0.34816337,0.0179038,0.89322025,0.05092015,0.11751362,0.025582528,0.15965581
0.15862769,0.0438082,0.10693124,0.007513809,0.33247566,0.0072000017,0.9267856,0.026520088,0.07640474,0.01105507,0.120868824
0.14777388,0.03562167,0.09328702,0.004933182,0.33896148,0.0048127826,0.94003814,0.019341476,0.060064472,0.007243588,0.112405255
0.5845543,0.59522575,0.5802624,0.5388662,0.6296277,0.55330825,0.4892568,0.39450842,0.55498093,0.56693876,0.65163213
0.20014529,0.07052825,0.14180309,0.016109487,0.35948876,0.015980328,0.8984744,0.04642381,0.10991318,0.022691676,0.16606604
0.18209194,0.059265424,0.12812719,0.012831025,0.34055495,0.012431206,0.9082655,0.039251152,0.098955706,0.018303867,0.14282702
0.3555365,0.26365668,0.31714854,0.14623062,0.44788384,0.15437815,0.73699474,0.2451456,0.28039256,0.17134503,0.3682941
0.29235968,0.16381581,0.23309729,0.06283405,0.4205188,0.06804229,0.81847167,0.13453148,0.19429883,0.07964907,0.2794056
0.27941778,0.14813139,0.2200474,0.051024582,0.41941455,0.055585872,0.8333376,0.11793983,0.17628731,0.066666365,0.2692078
0.3231325,0.20210832,0.2623977,0.08574446,0.44906068,0.09585166,0.7922251,0.17224205,0.21735401,0.10541916,0.326325
0.52670735,0.5233462,0.52604645,0.4442447,0.57639086,0.45874122,0.5463558,0.3992375,0.48656836,0.47286117,0.5941389
0.24351269,0.11019176,0.18578945,0.032517966,0.3890634,0.033706535,0.8629404,0.08172789,0.1479871,0.04424573,0.22120363
0.13809936,0.03269848,0.088700674,0.00494148,0.3099462,0.0045331847,0.9404484,0.018455856,0.06210398,0.0072515267,0.09801811
0.1291194,0.028765844,0.0821372,0.0041800463,0.2966104,0.003771067,0.9446508,0.016708229,0.058346786,0.006266772,0.08719078
0.3568872,0.25478795,0.30399346,0.12361269,0.46991423,0.13721754,0.75515014,0.22358888,0.25510046,0.14929384,0.3807159
0.26219246,0.1292192,0.20328231,0.042597473,0.39809233,0.04502478,0.8457538,0.10040874,0.16674924,0.05651704,0.2398589
0.18834218,0.06279959,0.13301973,0.013564681,0.35127857,0.01341215,0.9056701,0.04153223,0.100471914,0.019300079,0.15208188
0.14693697,0.036920253,0.09626104,0.005948339,0.316354,0.005568433,0.93538404,0.021661542,0.068161815,0.008767328,0.10624787
0.24998969,0.11480909,0.18918154,0.0350567,0.39170736,0.03687852,0.85785383,0.08595931,0.15382166,0.047243536,0.22443067
0.09262896,0.01511996,0.05432098,0.0015465667,0.2623301,0.0012884286,0.9655334,0.0077864653,0.0353982,0.0024023387,0.055649485
0.11174245,0.02191113,0.068805784,0.0027762742,0.28022337,0.0023997766,0.9545407,0.012081886,0.047972973,0.004253042,0.07162743
0.20587365,0.07904505,0.1506752,0.020739013,0.3523931,0.020251613,0.88537467,0.05603515,0.12525952,0.02868552,0.16846365
0.3612531,0.27897117,0.33031157,0.16961326,0.44079947,0.17324351,0.71826893,0.26212665,0.30481547,0.1922826,0.37305537
0.1314579,0.030711433,0.08419646,0.004425085,0.318422,0.0041839243,0.94097376,0.017601073,0.058292888,0.0063876277,0.091601245
0.83442867,0.85823566,0.80300003,0.8448331,0.88041943,0.84488124,0.24933948,0.16392101,0.8121318,0.8598048,0.8740719
0.24388126,0.10793338,0.17973627,0.030486004,0.3949439,0.032474212,0.86541003,0.07797857,0.14391473,0.04104173,0.21822515
0.17547755,0.05505033,0.12308946,0.011621519,0.33143118,0.011133299,0.9120777,0.036190066,0.09525542,0.016783295,0.13426104
0.50627095,0.49557197,0.50204504,0.42054492,0.55340403,0.43624365,0.55717963,0.40582088,0.47121462,0.44477087,0.56221426
0.45412755,0.41771394,0.43922246,0.31194487,0.51673883,0.32842416,0.62264615,0.3696237,0.3975288,0.34048772,0.50424457
0.10145005,0.017788503,0.060636256,0.0019309343,0.27450147,0.0016720606,0.9616183,0.009213613,0.038942024,0.0029459945,0.06348761
0.15595739,0.042296324,0.10367481,0.0076054055,0.32039005,0.007134076,0.92710763,0.02608679,0.07794718,0.011131194,0.11376953
0.13343468,0.030882616,0.08625298,0.004592185,0.3025967,0.004213459,0.94205195,0.01793064,0.060624182,0.0068611554,0.09246428
0.27692804,0.14704071,0.21725453,0.051318493,0.41181847,0.05475323,0.8313771,0.1163792,0.18110962,0.06710444,0.2627425
0.29771897,0.17608102,0.24420267,0.07188983,0.4181386,0.07624174,0.80601364,0.14925236,0.2090333,0.09098431,0.2879577
0.7970109,0.82302773,0.76655936,0.8031423,0.84708226,0.8051062,0.29396594,0.20512307,0.7726766,0.8230399,0.84475803
0.36271802,0.27091292,0.32055923,0.14741386,0.45939577,0.1585282,0.7336157,0.24689409,0.28106853,0.17201598,0.3810492
0.13734107,0.033252966,0.08992706,0.005366797,0.3019773,0.004820581,0.9382309,0.019994844,0.06645722,0.008020472,0.094825536
0.07899991,0.011439139,0.045667026,0.0010361336,0.24239174,0.00082095386,0.9719793,0.0057300697,0.028840529,0.0016431677,0.045002237
0.22376782,0.09149409,0.16476238,0.025386237,0.36766106,0.02597912,0.87491935,0.06738995,0.13648692,0.03491315,0.18569343
0.32519752,0.22217509,0.2851812,0.115592234,0.41631657,0.119241625,0.76106465,0.20580393,0.2602346,0.13804825,0.3148854
0.2889704,0.16728356,0.2386648,0.06629806,0.40823466,0.07016535,0.81175697,0.14122203,0.20330334,0.08502421,0.27536815
0.23434266,0.09951179,0.17462692,0.027528986,0.3865723,0.028940845,0.8720182,0.072206415,0.13650155,0.037458085,0.20648074
0.16023034,0.04548247,0.10989634,0.00861589,0.3219813,0.008101594,0.9233668,0.028834077,0.08206441,0.012557502,0.11891634
0.36963564,0.28976923,0.33942074,0.18094036,0.44627994,0.18745315,0.7093928,0.2780416,0.31081483,0.20478214,0.38018814
0.29210138,0.17357147,0.24426787,0.07451238,0.40281934,0.07637081,0.8042682,0.14954084,0.2147119,0.093537696,0.27673408
0.48995844,0.46526697,0.4758631,0.36020914,0.5498601,0.3787667,0.5963098,0.38007283,0.42987147,0.39497855,0.55476207
0.32748166,0.22145298,0.28412417,0.110995375,0.4256505,0.11699624,0.76607877,0.20245129,0.25195277,0.13349165,0.32227826
0.3328253,0.22191754,0.2809764,0.10259382,0.44758573,0.112463,0.7745022,0.19682555,0.2369451,0.12560137,0.34064224
0.1705935,0.050011147,0.11589633,0.009392523,0.33998325,0.009195205,0.9202718,0.030820927,0.08349351,0.013409751,0.13215122
0.19114959,0.06573325,0.13686022,0.014993,0.3474083,0.014732766,0.90128523,0.044609595,0.1063097,0.021263756,0.15282501
0.41258803,0.34737256,0.3804975,0.21945257,0.49636856,0.2368849,0.683288,0.3139229,0.33158395,0.25030127,0.45696172
0.1266986,0.027606912,0.079384424,0.0039256085,0.29467043,0.0035295493,0.9467782,0.015624929,0.05633884,0.0058653885,0.08475005
0.08114925,0.012160779,0.04768625,0.0011566653,0.24208479,0.0009184539,0.9703645,0.006208982,0.03109524,0.001864359,0.046334192
0.5075269,0.4898795,0.49318093,0.40193632,0.5592719,0.4247528,0.56572723,0.3979004,0.45998836,0.43297946,0.56479084
0.27316654,0.14154968,0.21152829,0.04861488,0.4122522,0.052904658,0.83430266,0.11207265,0.17543845,0.06277236,0.25370395
0.14965284,0.03996604,0.10114941,0.0072504045,0.30736202,0.0066985125,0.9290715,0.025215572,0.07715446,0.0107969465,0.105854936
0.37679106,0.2971847,0.3451793,0.18718207,0.4506009,0.19492243,0.7059163,0.282172,0.31490532,0.21091957,0.38780478
0.21536058,0.0850975,0.15989119,0.022554535,0.36287832,0.022802945,0.8824872,0.060950786,0.12735198,0.031205844,0.18039925
0.71272963,0.7342841,0.6905723,0.70646286,0.75961155,0.71629375,0.37499613,0.3007328,0.6905091,0.7332861,0.7697755
0.31696934,0.20591338,0.2707399,0.095847756,0.4245836,0.101024166,0.7806509,0.18397056,0.23575786,0.11767138,0.3128758
0.6243701,0.6408419,0.61893946,0.60476327,0.6657024,0.6154948,0.44736838,0.37535152,0.60264295,0.6283812,0.6863082
0.20538838,0.07527549,0.14861278,0.017681463,0.36426094,0.017885622,0.8939757,0.051106974,0.113066986,0.024952438,0.17322142
0.29321194,0.16554363,0.2356755,0.064155936,0.41989145,0.06915359,0.81624866,0.13784479,0.19658053,0.08174717,0.2810339
0.08042422,0.01184118,0.046762705,0.0010992965,0.24294227,0.00087083236,0.9710188,0.005991625,0.030323649,0.001775084,0.04548035
0.080177456,0.011861687,0.0466388,0.0011209773,0.23860143,0.0008821397,0.9706424,0.0060919756,0.031302568,0.001841502,0.044598218
0.24697097,0.1172945,0.19072047,0.03867682,0.37973207,0.039100107,0.8514741,0.09176443,0.16352016,0.051355343,0.21752559
0.25071388,0.114432365,0.18880576,0.03402866,0.40026942,0.0366197,0.8605065,0.08491938,0.14773932,0.045072358,0.22701293
0.387989,0.31952247,0.36549264,0.20964056,0.4582354,0.21786429,0.6887953,0.30372664,0.33196494,0.23580314,0.409477
0.22945227,0.09766284,0.1730788,0.027981343,0.37376517,0.028663486,0.8711714,0.072159715,0.13958934,0.03807772,0.19767116
0.28844026,0.15495886,0.22337022,0.05203171,0.43549708,0.058350045,0.83233315,0.12093479,0.17465064,0.0676658,0.28610912
0.5732758,0.5822893,0.57253635,0.53102016,0.61577076,0.54370576,0.49423948,0.40091455,0.5474161,0.5543261,0.63714993
0.27809384,0.14989066,0.22161359,0.053700805,0.4115944,0.057273682,0.8287391,0.12131758,0.18358715,0.07011283,0.26604232
0.30608007,0.18281661,0.24918649,0.0741565,0.43045726,0.08095024,0.8042955,0.15457246,0.20794587,0.093574956,0.30078432
0.29815578,0.17304921,0.24140951,0.068431005,0.4233202,0.07405189,0.8108419,0.14523578,0.20181309,0.086908996,0.28875327
0.25921956,0.12614971,0.20051187,0.040509988,0.40065658,0.043148592,0.8483445,0.0977728,0.16248341,0.054108545,0.23734877
0.09094518,0.014747731,0.053822074,0.0015048764,0.25816754,0.0012462017,0.96620286,0.007658573,0.03468374,0.0023415734,0.054447643
0.3572408,0.25812116,0.3090023,0.13568306,0.45884278,0.14811625,0.7456104,0.23585565,0.26754287,0.16031232,0.36981547
0.55820197,0.56446546,0.5582888,0.5160032,0.59786487,0.52899474,0.5012669,0.4109348,0.5365146,0.5363799,0.6165623
0.090939306,0.014712582,0.053724073,0.0014841196,0.25807822,0.0012250528,0.9665853,0.007496147,0.03451368,0.0023162202,0.054510105
0.17652899,0.053965334,0.12150886,0.01064381,0.3435392,0.01048724,0.9154414,0.034243837,0.08887891,0.015198901,0.13807222
0.30545163,0.18325305,0.25066027,0.07530242,0.42764738,0.08232748,0.80181295,0.1574381,0.21020663,0.09491054,0.29723474
0.46814004,0.44197744,0.46546197,0.3417259,0.52419543,0.35505962,0.6075191,0.3780852,0.4171988,0.37364042,0.5275028
0.37036136,0.28653002,0.33604696,0.16867125,0.45416337,0.17845044,0.71675295,0.26859757,0.30058327,0.1942296,0.38455716
0.056246936,0.00609673,0.030367445,0.0003900398,0.2136968,0.00028568922,0.98261815,0.002759232,0.017484726,0.0006432312,0.028628279
0.1504815,0.037555195,0.09663192,0.005798737,0.33117613,0.005596651,0.93597054,0.021112364,0.06513016,0.008249651,0.11204497
0.20905088,0.079768725,0.15406205,0.02037404,0.35922748,0.020442938,0.8874518,0.05639139,0.12158776,0.02840256,0.17319989
0.73808485,0.76027256,0.7161927,0.75029546,0.78284085,0.75661826,0.33656138,0.27389008,0.722491,0.7654041,0.7845615
0.13585405,0.032892898,0.08954631,0.005411646,0.2936824,0.0048593953,0.9382775,0.01993032,0.06742727,0.008238735,0.09248533
0.16409202,0.048167303,0.11340903,0.009646377,0.31991243,0.009032307,0.91956663,0.031133432,0.08772797,0.014048699,0.12141836
0.2467417,0.114364766,0.18943775,0.03522156,0.38770193,0.036937382,0.8575455,0.08706817,0.15334752,0.04724614,0.2199992
0.31240872,0.20045517,0.26599562,0.09506696,0.4160123,0.0990131,0.782474,0.18011022,0.23672517,0.11623026,0.30093634
0.21225373,0.083572716,0.15839383,0.022421421,0.3558783,0.02227882,0.88291395,0.0601493,0.12828267,0.031114731,0.17544569
0.12222864,0.02588501,0.077180825,0.0034934115,0.2950675,0.0031200233,0.9493538,0.014371667,0.05262309,0.005229407,0.08228427
0.2657128,0.13382332,0.20592336,0.044768125,0.39966527,0.047119416,0.8413573,0.104889326,0.17239751,0.058816586,0.24316627
0.10954402,0.021014355,0.06693285,0.00262676,0.27592206,0.0022554605,0.95600826,0.011546758,0.046646256,0.004037372,0.0692006
0.24428785,0.106512465,0.18059774,0.028830804,0.4017902,0.031144049,0.87014216,0.07617465,0.13675596,0.039237525,0.22502278
0.58344316,0.59348124,0.5805973,0.5352192,0.6298715,0.54851574,0.4932162,0.39076433,0.55149955,0.56388,0.65306985
0.35609603,0.265523,0.32119626,0.14564532,0.44506612,0.1531213,0.73583007,0.24367909,0.2830406,0.17227526,0.36852854
0.3173097,0.21040803,0.27589434,0.104592845,0.41319162,0.107250825,0.77284914,0.19047478,0.24862304,0.12669413,0.30865216
0.26932117,0.14157918,0.21604225,0.051293712,0.39476585,0.053413574,0.83297807,0.11529399,0.18282424,0.067162976,0.24656503
0.23151305,0.096427076,0.17090781,0.025644738,0.38675743,0.027126802,0.8754846,0.06870877,0.13187702,0.0351904,0.2046916
0.15135306,0.04008969,0.1013522,0.0069829538,0.31643066,0.0065634563,0.9301806,0.024682205,0.07418415,0.010211864,0.1095546
0.14010459,0.034820132,0.09279294,0.005744843,0.30403343,0.0052588936,0.9361873,0.02115233,0.06817584,0.008536009,0.09787697
0.22567454,0.092970386,0.1680307,0.025138779,0.3758968,0.026050435,0.87610966,0.06734387,0.13245632,0.03453054,0.19458112
0.21916439,0.09030505,0.16538739,0.026186323,0.35545292,0.025663657,0.87488085,0.06678682,0.13912025,0.036096722,0.18146874
0.22920054,0.09648217,0.17129698,0.028160889,0.36847124,0.028778236,0.871216,0.071517766,0.14176127,0.038364515,0.19203728
0.23613133,0.107280366,0.18269044,0.03570609,0.3593759,0.035461303,0.85805935,0.084347926,0.16011105,0.048059344,0.1964422
0.12398047,0.027160658,0.07955372,0.0038784477,0.2919181,0.003435135,0.94668114,0.015728405,0.056172114,0.005851694,0.083369195
0.21862198,0.08692335,0.16092171,0.022704167,0.3696527,0.023133753,0.8813575,0.061949365,0.12779632,0.03153148,0.18557888
0.4181461,0.36554906,0.40096524,0.260856,0.4814024,0.27150452,0.65532374,0.34239396,0.36544222,0.28668967,0.45105416
0.17222705,0.053175144,0.12034366,0.011383486,0.32263368,0.010674857,0.91318285,0.035192713,0.09610149,0.016674139,0.12821002
0.2440307,0.11370432,0.18902826,0.036912907,0.37682343,0.03780146,0.85486126,0.08865879,0.15923722,0.049370375,0.21129028
0.38887617,0.3109338,0.3513234,0.19090909,0.47219658,0.20450042,0.70281553,0.29009256,0.31411457,0.21787839,0.41254404
0.11848874,0.02451556,0.07445574,0.0032426699,0.29015338,0.0028494555,0.95121086,0.013583453,0.050657425,0.0048921765,0.07909783
0.2856529,0.16039085,0.23167956,0.062421154,0.41077927,0.06627097,0.81852823,0.1343009,0.19506077,0.0792286,0.26992255
0.1728275,0.053704154,0.12103896,0.011431776,0.3256508,0.010864091,0.91296977,0.035586897,0.095555335,0.01662115,0.12936988
0.13992004,0.034718826,0.09266923,0.0058181505,0.30057913,0.0052623996,0.93604577,0.021185273,0.06903749,0.008691333,0.097092256
0.05564468,0.005707939,0.028910326,0.00033475566,0.21942718,0.0002470022,0.98382735,0.0024569295,0.015611329,0.0005366484,0.028541569
0.10423305,0.019591168,0.06347366,0.0023058602,0.28023788,0.002003337,0.9577117,0.0105480105,0.042869743,0.0034773082,0.0664878
0.059130605,0.0066973916,0.032147475,0.0004684169,0.21242851,0.0003445768,0.9811724,0.0031423743,0.01938457,0.00077289867,0.030053528
0.28964174,0.16363208,0.23548178,0.061518937,0.41961533,0.06633189,0.81938714,0.13580352,0.19225152,0.07975859,0.28177595
0.07463963,0.0102229025,0.04224038,0.00088145706,0.23498628,0.00068408856,0.97384024,0.005087784,0.02745583,0.0014444235,0.040627856
0.2453819,0.11702869,0.19316079,0.040258285,0.36782792,0.040209334,0.8494947,0.09285793,0.16851038,0.053873908,0.2100815
0.28388944,0.15663794,0.22769524,0.060577713,0.40567508,0.06369585,0.82047117,0.12938619,0.19576384,0.07781139,0.263958
0.1461887,0.03631352,0.0953683,0.0057161585,0.3207996,0.0053931396,0.9362401,0.021206837,0.06588095,0.008338964,0.10639459
0.17119521,0.052389473,0.11812854,0.010689042,0.3327538,0.010316403,0.91505724,0.034286764,0.09109917,0.01531109,0.12978697
0.18339664,0.059397284,0.1280683,0.012684791,0.34486717,0.012439252,0.9086143,0.03867152,0.097552925,0.0179363,0.14588855
0.11747598,0.02470086,0.07451846,0.0034333854,0.2811638,0.0029583585,0.9497312,0.014049003,0.053755853,0.0052586542,0.07664204
0.7235987,0.7464958,0.7029115,0.72944057,0.76954156,0.73636776,0.35585728,0.2881855,0.7052324,0.74887437,0.7753895
0.2375001,0.10667769,0.18201195,0.033011418,0.3742433,0.033537738,0.8615714,0.081495285,0.1517355,0.04455117,0.204834
0.23700781,0.102884926,0.17687277,0.030140446,0.3818142,0.03131984,0.86700994,0.075486556,0.14408727,0.040360663,0.20710598
0.20779356,0.07766458,0.15095869,0.019132093,0.36181518,0.019229483,0.8903083,0.054013386,0.118751206,0.026864124,0.17249422
0.30352846,0.18684511,0.25554842,0.084108725,0.41139928,0.08840716,0.79307175,0.16570786,0.22409335,0.1039821,0.2876179
0.32937527,0.2196278,0.28032988,0.106452,0.43407542,0.11408637,0.77115005,0.1974367,0.24560629,0.12889425,0.32712314
0.12658632,0.028118253,0.08076163,0.0041404394,0.29253426,0.003664948,0.94537956,0.01635264,0.058359172,0.006233628,0.08461989
0.083301514,0.01273064,0.04896959,0.0012284197,0.2464423,0.0009908723,0.9695162,0.0065203463,0.031803038,0.0019516244,0.048121028
0.16842458,0.049505815,0.11490086,0.009613433,0.33042613,0.009322225,0.91955227,0.0313062,0.08586287,0.013766888,0.12685904
0.032970674,0.0022213336,0.015142252,7.959411e-05,0.17508432,5.284045e-05,0.99208075,0.0008384102,0.007553358,0.0001367184,0.013752225
0.09645747,0.015782658,0.05582256,0.0015288485,0.27586868,0.0013155275,0.965393,0.007711292,0.034471646,0.0023319165,0.059825342
0.18920477,0.0649029,0.13576058,0.015430042,0.33538586,0.014879752,0.9009146,0.04466093,0.10988934,0.022156704,0.14630215
0.06466593,0.007927502,0.036135174,0.0006021977,0.22089356,0.00044973902,0.97872853,0.0037771086,0.022298377,0.00100176,0.033933513
0.06525533,0.007861101,0.035880785,0.00057463994,0.22586636,0.00043224296,0.9790638,0.003661495,0.021443868,0.0009349933,0.03468266
0.22346295,0.087726526,0.16229671,0.02189072,0.3836249,0.02286363,0.88530123,0.060256656,0.12212392,0.030124368,0.19599763
0.33695814,0.22362694,0.28014576,0.10045993,0.457723,0.11223664,0.7768405,0.19493449,0.23237008,0.12304333,0.34917367
0.26929867,0.1367535,0.2100029,0.0460604,0.4068183,0.04895507,0.8407822,0.10765402,0.17218013,0.061123308,0.25138557
0.06787334,0.00861268,0.037845194,0.00067085767,0.2279126,0.0005179232,0.9773536,0.004117315,0.02320624,0.0010840285,0.036326844
0.14406732,0.03634594,0.09448552,0.006140021,0.3055843,0.0057439986,0.93429554,0.0220943,0.07071014,0.009064823,0.10001772
0.037562538,0.0029547908,0.018467601,0.0001343662,0.18097329,8.7800734e-05,0.98990285,0.0012423665,0.010140487,0.00023182498,0.01639611
0.1206815,0.025603296,0.076863624,0.0035986172,0.28471988,0.0031544666,0.9490904,0.014693683,0.05451231,0.0055098645,0.07898356
0.059541997,0.006575478,0.031963218,0.000431592,0.2174316,0.00032024115,0.9819519,0.002954846,0.018226778,0.0007015808,0.03064306
0.16222626,0.04457172,0.107956,0.007870389,0.3306922,0.0075389626,0.9262376,0.026894597,0.078295514,0.011464484,0.121718794
0.14827807,0.03877323,0.099535845,0.0068284357,0.30788547,0.006298079,0.9317017,0.02390483,0.07422601,0.010125789,0.10520187
0.13038017,0.029642291,0.08392387,0.004464576,0.29467273,0.0039771968,0.94378614,0.017211922,0.060561325,0.0067392834,0.08827603
0.14824107,0.03779256,0.09791349,0.0063567813,0.31255862,0.0058667567,0.9339897,0.02262223,0.071201876,0.009398919,0.10598598
0.03646267,0.002751941,0.017761672,0.00011918145,0.17765136,7.714287e-05,0.99040085,0.001143424,0.009684964,0.00021068868,0.015543735
0.24450512,0.10877983,0.18285553,0.032359283,0.38945022,0.033729527,0.8632064,0.079951175,0.14748779,0.043076195,0.21827064
0.4132053,0.35035822,0.38375908,0.24376234,0.48039424,0.2584123,0.6660208,0.32956827,0.352102,0.2677676,0.43752995
0.16143435,0.045211576,0.10924196,0.008436344,0.32390735,0.007972661,0.92480814,0.028128281,0.08095493,0.012234663,0.11925133
0.16391581,0.047443807,0.11290502,0.009190901,0.323329,0.008617719,0.9215654,0.030107325,0.0852599,0.013487429,0.122135274
0.12959997,0.02937826,0.08420645,0.004375717,0.29441994,0.0038694679,0.9442016,0.017085494,0.06005474,0.0066714017,0.088024326
0.19903246,0.06700997,0.13738339,0.013807878,0.3750064,0.014453033,0.90535074,0.04203766,0.097021654,0.019052766,0.16887306
0.35401046,0.2592653,0.3147312,0.13793947,0.45113975,0.14769268,0.7441012,0.23961383,0.27154803,0.16446139,0.3684561
0.08482718,0.012910285,0.049547877,0.001224017,0.25145248,0.0009883681,0.9696866,0.0064636306,0.03136139,0.0019261288,0.049757674
0.16497463,0.045838945,0.11001146,0.008095981,0.3374144,0.0078037507,0.9258988,0.027466597,0.07761546,0.011590695,0.12679885
0.36618736,0.27852133,0.3297488,0.15745677,0.4568414,0.16753523,0.7285675,0.2589664,0.28819254,0.18429233,0.38482186
0.3551285,0.26220873,0.31600732,0.1515591,0.43931207,0.15822066,0.7323109,0.24659055,0.2881792,0.175155,0.35692596
0.40988034,0.34317887,0.37682357,0.22343515,0.4886141,0.24004234,0.6805796,0.317385,0.3352158,0.25193658,0.44426462
0.42423284,0.3625805,0.38949955,0.24304901,0.5023601,0.2621712,0.6671255,0.32722297,0.34631014,0.27158445,0.46753716
0.2498768,0.11688676,0.18869808,0.038164694,0.38008052,0.039587863,0.8526734,0.089691244,0.16329649,0.050408237,0.21485111
