Ampicillin,Azithromycin,Cefepime,Cefotaxime,Ceftriaxone,Cefuroxime,Chloramphenicol,Clarithromycin,Clindamycin,Erythromycin,Levofloxacin,Meropenem,Meropenem_with_meningitis,Minocycline,Moxifloxacin,Oxacillin,Penicillin,Penicillin_with_meningitis,Penicillin_with_other_infections,Penicillin_with_pneumonia,Pristinamycin,Tetracycline
0.009780491,0.15712063,0.006610068,0.0012263522,0.004484551,0.036069203,0.0025640626,0.16308436,0.060971826,0.1399054,0.64897096,0.0061359517,0.045291428,0.3835111,0.032021236,0.19603315,0.044799764,0.17696187,0.16309464,0.018748619,0.0018051785,0.29789066
0.19249898,0.4293865,0.19012363,0.116342746,0.17012061,0.23356499,0.13035479,0.42509001,0.36166537,0.44149128,0.7279358,0.17109099,0.34485894,0.5441147,0.26127684,0.40246075,0.296909,0.38234815,0.36716968,0.28692192,0.13451833,0.4832109
0.1257537,0.38520008,0.12017766,0.06013677,0.10416941,0.17512216,0.07286536,0.3883174,0.29456866,0.39717427,0.75240797,0.10594757,0.2763221,0.5321605,0.19832294,0.37181213,0.23593356,0.3497493,0.32982332,0.2101795,0.07391539,0.46451718
0.10811713,0.36851835,0.10186712,0.047735024,0.08701571,0.15858339,0.059225153,0.37340155,0.27142832,0.3799905,0.75701,0.08961851,0.25300008,0.5275195,0.17987257,0.35947692,0.21672574,0.33882064,0.31687397,0.18591733,0.059861846,0.4554257
0.016442709,0.19056936,0.011818281,0.0026125745,0.008299891,0.048917092,0.0049054753,0.19951826,0.08235196,0.17893107,0.6996641,0.010785549,0.06734233,0.4132711,0.047263905,0.22344162,0.06337151,0.20824209,0.18957767,0.031085815,0.0038089517,0.32909736
0.26939285,0.46337432,0.2684609,0.19056888,0.23921391,0.29248795,0.19949187,0.454734,0.4161683,0.47255722,0.70147294,0.24610417,0.40159407,0.5497609,0.31674165,0.4317945,0.35734427,0.40974274,0.40372214,0.3592187,0.20485285,0.50035924
0.00013378564,0.02179015,4.1723553e-05,1.607138e-06,2.1593527e-05,0.0028386079,8.888579e-06,0.023237195,0.0033416045,0.012186175,0.19086546,4.6904366e-05,0.0013844148,0.1348046,0.0010347723,0.053352214,0.0016117924,0.03076298,0.034163296,0.00019303586,2.9707983e-06,0.09667081
0.27949142,0.47196183,0.28003833,0.19844015,0.24755798,0.30037913,0.20638196,0.4658817,0.4291007,0.48082778,0.7017928,0.2536769,0.4108884,0.5560585,0.31902045,0.4403065,0.3655709,0.41393885,0.4110935,0.3731161,0.20932996,0.5099981
0.12116194,0.38177586,0.11535111,0.057018057,0.100310616,0.17191567,0.07053802,0.38486177,0.2892685,0.39351508,0.75066614,0.10162599,0.27020422,0.52970076,0.19477163,0.36843112,0.22936364,0.3470584,0.325986,0.20371163,0.07070803,0.46071357
0.026357144,0.23301865,0.020585483,0.005478734,0.015326606,0.06495972,0.009155285,0.24385715,0.11618897,0.22744504,0.7342728,0.018361466,0.09852769,0.45348367,0.067043565,0.25720322,0.08953935,0.24147907,0.21848169,0.051699266,0.0076769786,0.3659281
0.30866078,0.4779978,0.30787095,0.23155382,0.2742202,0.3223257,0.23864076,0.46872655,0.4400442,0.48573205,0.68397915,0.28436944,0.42488545,0.5501585,0.34193194,0.44489297,0.38314176,0.42245305,0.4212679,0.39124322,0.24131323,0.50694954
0.027788846,0.23533763,0.021832481,0.005937212,0.016339377,0.067443565,0.009972266,0.24563502,0.11937226,0.2310393,0.7321352,0.01956171,0.10180891,0.45402938,0.070203,0.25808337,0.09194309,0.24405245,0.22127818,0.053685464,0.008402145,0.3659472
0.030239662,0.24619476,0.024143418,0.0067530186,0.018228108,0.07059757,0.010931212,0.25772643,0.12752675,0.24253151,0.7430536,0.021363975,0.1094815,0.46291327,0.07392989,0.26796326,0.09845929,0.2510942,0.22768421,0.059560247,0.009359081,0.37681773
0.00788918,0.13852446,0.005009326,0.0008465785,0.0032928886,0.0320075,0.0019244966,0.14337488,0.05013009,0.11968885,0.61523515,0.004752506,0.03668446,0.35635835,0.02716683,0.17820741,0.036376316,0.16067258,0.14904717,0.014096307,0.0012935405,0.27550882
0.019220117,0.20422323,0.014177144,0.0033262307,0.010192329,0.053724676,0.006032547,0.21436858,0.09221657,0.19435827,0.71307564,0.012821419,0.07670436,0.42569372,0.05310149,0.23435967,0.07107413,0.21919371,0.19870317,0.036871094,0.004793606,0.3410687
0.01538042,0.18599825,0.010904297,0.0023482207,0.007673075,0.04698057,0.004484783,0.19532087,0.078907184,0.17331025,0.6952586,0.009962572,0.06405903,0.40803862,0.04481175,0.21972282,0.06031506,0.20404269,0.18538669,0.029104123,0.003430238,0.32487184
0.078283645,0.33962977,0.07194967,0.029107092,0.059895035,0.12893239,0.038458098,0.3501104,0.23269962,0.3483563,0.76433,0.06217889,0.21175253,0.519242,0.14423585,0.33920348,0.18067752,0.3177058,0.29505706,0.14517556,0.037606858,0.44247228
0.15540573,0.40949857,0.15223566,0.083687775,0.13386576,0.20188272,0.09649929,0.40974534,0.33038756,0.4213875,0.74518174,0.13441733,0.3111263,0.5423287,0.22694519,0.3892828,0.26668122,0.36664584,0.34869203,0.24923049,0.09941403,0.47819087
0.11309811,0.37697425,0.10792199,0.051332504,0.092884436,0.16368182,0.06296158,0.38261998,0.28268278,0.388258,0.75808847,0.094167344,0.26238358,0.5328423,0.1846368,0.3657784,0.2235231,0.34365705,0.3222947,0.19601528,0.06370769,0.4624372
0.09727219,0.36034277,0.09146484,0.04081266,0.0784127,0.14894453,0.052380666,0.3662975,0.26118135,0.37163436,0.7566932,0.08009851,0.24030334,0.5259307,0.16840833,0.3514537,0.20366661,0.33202446,0.31028968,0.17177233,0.05222733,0.4496994
0.02326195,0.21976559,0.017650167,0.004445186,0.012934687,0.06027553,0.0077461456,0.23057,0.10449878,0.21247275,0.7255617,0.015855046,0.088619165,0.43840125,0.0611813,0.24663109,0.08090381,0.23174123,0.20981297,0.044665385,0.00634722,0.35395584
0.34764394,0.49007386,0.34650236,0.27260408,0.3049034,0.35097197,0.27509633,0.48084024,0.45993003,0.49600053,0.6684968,0.32255477,0.444214,0.5505636,0.36386028,0.45672864,0.4085422,0.4344021,0.4385392,0.41979948,0.2754999,0.51329094
0.34593585,0.48775792,0.34427464,0.2727278,0.30485252,0.34968916,0.2759571,0.47726846,0.4567289,0.49346808,0.66641384,0.32210433,0.44278455,0.5476342,0.36552694,0.45430446,0.40701032,0.4338092,0.43676084,0.41690496,0.27757254,0.5096656
0.0679989,0.31625867,0.059766944,0.023338899,0.049075026,0.11836986,0.032843634,0.32293996,0.20304963,0.32380018,0.7514983,0.053403478,0.18691398,0.4979102,0.13342528,0.31815678,0.16049378,0.303938,0.27863637,0.12166394,0.031262644,0.41796663
0.39785057,0.5018501,0.39504394,0.32932597,0.34510675,0.3884917,0.32720476,0.49216178,0.4796061,0.50521815,0.6407713,0.37349033,0.46396548,0.54472363,0.39370993,0.46811846,0.43784016,0.44928628,0.45924893,0.44890526,0.32404882,0.51387143
0.09139998,0.34981266,0.084159575,0.036790293,0.070962474,0.14229019,0.047540966,0.35589394,0.24562185,0.36017868,0.75816196,0.074302405,0.22785202,0.51828706,0.16144536,0.34504497,0.19539428,0.32637236,0.30261052,0.16061427,0.04723027,0.44314194
0.035777554,0.261567,0.029252302,0.008642495,0.022492405,0.07831708,0.013588489,0.27416763,0.14190234,0.2602295,0.75124025,0.025615366,0.12380956,0.47179985,0.08332239,0.2805192,0.10980523,0.2623007,0.23895015,0.07008919,0.011894072,0.38882282
0.0356269,0.26160178,0.029159078,0.008663968,0.02240078,0.07835198,0.013642334,0.27322897,0.14154315,0.26018164,0.7495683,0.025659425,0.123276934,0.47175395,0.083470225,0.2796715,0.10939933,0.26252967,0.23826878,0.06981536,0.01194538,0.38774082
0.1091989,0.36756104,0.10211017,0.04834725,0.08775696,0.15996498,0.060918342,0.3710187,0.26962414,0.3790351,0.75243586,0.09055763,0.25257263,0.5228182,0.18194781,0.35774177,0.21535215,0.33826762,0.3162931,0.18501516,0.060985107,0.45137638
0.08659656,0.3436788,0.07901042,0.03379908,0.06641491,0.13766363,0.044610642,0.349784,0.23740782,0.3535846,0.75658077,0.069797434,0.21985759,0.51365113,0.15602301,0.34026116,0.18807453,0.32180864,0.29810733,0.15268198,0.04379354,0.43815508
0.098848276,0.36070308,0.09224495,0.041446205,0.07835769,0.14969619,0.0526988,0.3671854,0.25961986,0.37136617,0.75914896,0.080757484,0.24055928,0.52373725,0.16920817,0.35390267,0.20550828,0.33284673,0.31061777,0.17364126,0.052470434,0.4517231
0.005233442,0.11672623,0.0031020227,0.0004554522,0.0019839846,0.025124213,0.0011110298,0.12090975,0.038263824,0.0964937,0.56940925,0.0030095966,0.026364451,0.32763505,0.019546984,0.16069603,0.027319519,0.13939068,0.12999952,0.0092358915,0.000696672,0.25156277
0.12264566,0.38151047,0.116694815,0.057978712,0.10117365,0.17268226,0.07084854,0.3839454,0.28904748,0.39325318,0.75116,0.10329657,0.2714367,0.52987176,0.19605885,0.3677167,0.23159891,0.3478657,0.32666266,0.20481749,0.0718262,0.46062106
0.046009794,0.2886344,0.039423887,0.012935369,0.031238802,0.09192637,0.019097235,0.3008959,0.16987121,0.29059,0.7591295,0.03421197,0.14967841,0.49216408,0.09972561,0.3003409,0.13068625,0.28121752,0.25702527,0.09085488,0.017388916,0.40910304
0.025895119,0.23238826,0.020197177,0.0053206524,0.015026728,0.064322464,0.008967922,0.2428941,0.114937305,0.2260665,0.73357093,0.017959012,0.097508855,0.45146987,0.06621755,0.256224,0.08849503,0.24006416,0.21760593,0.05096047,0.0074743493,0.36507156
0.082390964,0.34554625,0.07595419,0.031421717,0.06377141,0.13327448,0.041410036,0.3547912,0.23874977,0.3545974,0.7634395,0.065799445,0.21784799,0.5195149,0.14952038,0.34286067,0.18577658,0.32103315,0.2978712,0.15143834,0.040424004,0.44485795
0.2567031,0.4635209,0.25749916,0.17588049,0.22778067,0.28324544,0.18490598,0.45813873,0.4152412,0.47321588,0.7110763,0.23177458,0.39662185,0.5559841,0.30432612,0.43261173,0.3501258,0.40673712,0.40112898,0.35412464,0.189143,0.50592226
0.336159,0.48878703,0.3354887,0.2582581,0.29439756,0.34251937,0.26196942,0.481135,0.4570802,0.49535084,0.67601925,0.30962563,0.4395982,0.5539593,0.3548002,0.45554867,0.40142956,0.4313185,0.4351828,0.41417018,0.26171234,0.515595
0.08457418,0.34835622,0.07812558,0.03267281,0.065670386,0.13534322,0.042598177,0.35771248,0.24203362,0.35735938,0.76444554,0.06770255,0.22146301,0.52102745,0.15179574,0.34519985,0.18907657,0.3233134,0.29998508,0.1552383,0.04179503,0.4473715
0.027418615,0.23719929,0.021529749,0.0057834648,0.016118309,0.066521324,0.009616407,0.24826032,0.11901583,0.23178364,0.73796576,0.01911397,0.10157863,0.4548,0.06896143,0.26037255,0.09179496,0.24403419,0.22096327,0.053864248,0.008093838,0.36934695
0.002299805,0.07945504,0.0011721172,0.00012579646,0.00071098405,0.01564481,0.00037933845,0.08215974,0.02180057,0.059124183,0.4544476,0.001180887,0.013198168,0.26597556,0.010160053,0.12448846,0.0142210955,0.09954776,0.09686548,0.0037517103,0.00020228465,0.20125286
0.08464641,0.3461446,0.0779761,0.032731015,0.065404646,0.13540752,0.042709235,0.35497695,0.24032915,0.3555778,0.7629293,0.067918755,0.22045061,0.51969427,0.15233973,0.34355983,0.18843168,0.3225056,0.29906705,0.15380462,0.04201422,0.44466504
0.0018321632,0.07128973,0.0008960787,8.888017e-05,0.0005338508,0.013797882,0.00028300265,0.07367464,0.018604325,0.051583882,0.42129314,0.00091392116,0.010975343,0.25059903,0.008504014,0.11579037,0.011893882,0.090335645,0.0891945,0.0029266598,0.00014474666,0.18834259
0.19740875,0.43742874,0.19680397,0.11931687,0.17435062,0.23685044,0.13148177,0.4358451,0.3733181,0.448498,0.73341435,0.17387973,0.3532476,0.5517923,0.26042175,0.41180736,0.30494148,0.3852816,0.37317127,0.29880294,0.13520417,0.49478355
0.18081458,0.42958617,0.1800994,0.1046552,0.15892972,0.22330953,0.11676278,0.4293473,0.36070898,0.44080263,0.73991925,0.1579364,0.3394848,0.5517922,0.24651797,0.4052149,0.2914564,0.37943766,0.365793,0.28237003,0.12045426,0.491762
0.031294595,0.24277782,0.024624418,0.0070196553,0.018593011,0.07291668,0.011716712,0.25178522,0.1246175,0.23910913,0.73234063,0.022210889,0.10908181,0.45313475,0.076929316,0.2621678,0.09699761,0.25015554,0.2258274,0.058591947,0.009988285,0.3672868
0.11681942,0.38022962,0.111322135,0.05363671,0.096149884,0.16712892,0.06602457,0.38573888,0.2866961,0.3915803,0.7564762,0.097197555,0.26687914,0.5321142,0.18836069,0.36859813,0.22686584,0.34551635,0.3248807,0.2006362,0.06635973,0.4636917
0.010796625,0.1591641,0.0072062085,0.0013631909,0.0048895567,0.038468573,0.0028932227,0.16561866,0.06184415,0.14218569,0.65235406,0.0067080837,0.047730975,0.3785753,0.03458101,0.19585088,0.04574808,0.17938316,0.16472991,0.019733885,0.0020554252,0.29644924
0.061605435,0.312215,0.054149672,0.019935068,0.044027474,0.1102957,0.027990805,0.3231176,0.19727713,0.31855193,0.76163745,0.047405906,0.17895824,0.5007704,0.122727856,0.31832102,0.15453616,0.29958907,0.27485076,0.115363196,0.026470013,0.42265517
0.22084953,0.4427644,0.21906452,0.14232415,0.19553086,0.2553752,0.15469691,0.43622628,0.3830472,0.45391062,0.71914554,0.19847383,0.36751443,0.54665035,0.28280884,0.4144166,0.32088435,0.39245936,0.38113737,0.31496906,0.15983132,0.49034634
0.32016388,0.48218027,0.31993076,0.24337064,0.28345928,0.33093417,0.24832161,0.4727863,0.44676232,0.48965105,0.68042797,0.29597726,0.43130723,0.55150604,0.34831846,0.44839886,0.3913295,0.42589912,0.42639327,0.3999062,0.2512657,0.5090958
0.18397222,0.42843324,0.18224528,0.10754774,0.16133003,0.22576997,0.12039978,0.42720693,0.3594139,0.44001502,0.73671293,0.16114667,0.34000602,0.54794127,0.25057513,0.4047604,0.292729,0.37938613,0.36545217,0.28291467,0.12378111,0.48907673
0.18874294,0.43425447,0.18835983,0.11166637,0.16615619,0.23001179,0.1236703,0.43370202,0.36757502,0.44525322,0.73731744,0.16529986,0.34639353,0.5525978,0.2530632,0.4092572,0.29833174,0.3828132,0.3698467,0.29151568,0.12722792,0.49465996
0.032013725,0.2471206,0.025616966,0.0073748333,0.019461665,0.07382647,0.012215219,0.25633428,0.13006577,0.24458106,0.7338899,0.022965373,0.11210266,0.46100494,0.07831331,0.26547706,0.099614985,0.25292686,0.22934356,0.0610691,0.010434696,0.37258947
0.033017803,0.24837826,0.0264657,0.0077567254,0.020216886,0.075560175,0.0129426215,0.2567193,0.13198115,0.2463069,0.729587,0.023849485,0.11411353,0.4609192,0.08060503,0.26542264,0.10062699,0.25434077,0.23104276,0.062255614,0.011034916,0.37137178
0.1364118,0.39894792,0.13325271,0.06859927,0.11687171,0.18574017,0.08140832,0.40126097,0.3146199,0.41073987,0.75079405,0.11648977,0.2926757,0.5414046,0.20892134,0.38042712,0.24876699,0.35752964,0.3389852,0.22786687,0.083232865,0.4736936
0.24929541,0.46351442,0.25074005,0.16796283,0.22179608,0.27814892,0.1772756,0.45903984,0.41428223,0.47269857,0.71501833,0.22376892,0.3933425,0.5585854,0.2979235,0.43219554,0.34535128,0.4047926,0.3990126,0.35047162,0.18088052,0.5083073
0.006912291,0.13151239,0.0042857854,0.0006956725,0.0027869456,0.029618047,0.001611668,0.13627788,0.046064198,0.112020575,0.6019127,0.004090569,0.032933634,0.34863946,0.024396343,0.173146,0.03313592,0.15409908,0.14284673,0.012355613,0.0010541079,0.26848227
0.20284812,0.4336154,0.20065379,0.12550972,0.17850392,0.24112245,0.13800575,0.42817244,0.3686096,0.4451708,0.7261587,0.18110646,0.352975,0.54538494,0.26908392,0.4066509,0.30671856,0.38581276,0.37209836,0.29693583,0.14335026,0.48595896
0.22014365,0.44448885,0.21957122,0.14141801,0.19525556,0.25492367,0.15271972,0.43915352,0.385813,0.455671,0.7222626,0.19765271,0.3689335,0.5503193,0.2810071,0.41575015,0.32179278,0.3930315,0.38197884,0.31658313,0.15843107,0.49321276
0.015732044,0.18914542,0.011299969,0.0024666274,0.00796439,0.047639467,0.004658127,0.19811852,0.08146711,0.17684034,0.69758445,0.010284553,0.06570944,0.41325548,0.045739464,0.22237448,0.062042795,0.20585723,0.18754977,0.03020274,0.003578481,0.3283384
0.28175727,0.470112,0.28199103,0.20255655,0.25007415,0.30192092,0.2096643,0.4620648,0.42665356,0.47891903,0.698671,0.25776222,0.4108101,0.5532283,0.32319206,0.4377852,0.366956,0.4141593,0.41038173,0.37164348,0.2147166,0.50534946
0.005914794,0.12199414,0.0035712675,0.0005493297,0.0023042348,0.027295524,0.0013356648,0.12600976,0.041253757,0.10174651,0.57561225,0.003442336,0.02903755,0.33474183,0.02175435,0.16363828,0.02931641,0.14448616,0.13500667,0.010381747,0.0008481733,0.25572467
0.095624804,0.3602302,0.0895905,0.0396258,0.07639889,0.14732346,0.051073607,0.36763233,0.25915927,0.37069184,0.7591136,0.07783827,0.23796384,0.5253802,0.1657253,0.35289058,0.20159398,0.33111534,0.3088191,0.1707466,0.050348517,0.45143217
0.5109402,0.5297966,0.50112313,0.4380638,0.41424778,0.47509253,0.4312197,0.5334309,0.52485496,0.525282,0.5830849,0.47527105,0.49233815,0.53683096,0.43585643,0.5066141,0.49796644,0.4870428,0.51883364,0.5101317,0.39872554,0.5359096
0.009994591,0.15637866,0.006666193,0.0012372166,0.0045003747,0.03642752,0.0025841086,0.16269857,0.06012561,0.1394463,0.6517233,0.006225887,0.04544274,0.38011923,0.032394372,0.19510402,0.044729896,0.17684795,0.16232078,0.018719057,0.001829163,0.2965794
0.041033942,0.27737492,0.034560025,0.010847456,0.0270163,0.08546986,0.01642039,0.28951937,0.15782717,0.27785158,0.7558859,0.03009671,0.1378218,0.48532546,0.09203196,0.29172948,0.12125765,0.27321163,0.24916305,0.08142426,0.014699068,0.4011836
0.009495117,0.1498099,0.0061934246,0.0011340172,0.0041722823,0.035912164,0.0024896257,0.15510003,0.056665026,0.13235822,0.6324459,0.0058678607,0.042786248,0.36874086,0.031470727,0.18711488,0.04148795,0.17156465,0.15726112,0.017131671,0.0017174695,0.2855413
0.2015622,0.43778214,0.2003812,0.12372879,0.17788754,0.2399904,0.13578244,0.43466255,0.37329316,0.44844708,0.73051924,0.17844306,0.3548017,0.54941934,0.26520622,0.41160917,0.30784088,0.387126,0.37419048,0.30160168,0.13994609,0.49335322
0.44087973,0.5138997,0.4354087,0.37008622,0.3723093,0.42042997,0.3660913,0.5092174,0.4993879,0.51507133,0.62233585,0.41126263,0.4777936,0.5446049,0.40949196,0.4837043,0.4608325,0.46304905,0.48138922,0.47581694,0.35171288,0.5250037
0.004888518,0.11089267,0.0028236222,0.00039926087,0.0017966313,0.024294158,0.0010221812,0.11504596,0.035655793,0.09020229,0.55166537,0.002749176,0.02464091,0.3160414,0.018526834,0.1539152,0.025040388,0.13351592,0.12605724,0.008334485,0.00062624854,0.24266857
0.017212043,0.19609642,0.012538237,0.002848407,0.008912736,0.050652675,0.0053727054,0.20367478,0.086595796,0.18411374,0.6979802,0.011417343,0.070040606,0.4195361,0.049436867,0.22563331,0.0652457,0.21125083,0.19170247,0.03291915,0.0041437224,0.33218566
0.000289224,0.03101142,0.00010314185,5.2265414e-06,5.590262e-05,0.0045735384,2.4851615e-05,0.032409832,0.0056020003,0.018539965,0.23800859,0.00011298555,0.0025058016,0.16209517,0.0019289037,0.06712379,0.0028746785,0.04198955,0.045009762,0.00042324455,9.305088e-06,0.116583586
0.013900574,0.17873645,0.009809914,0.002064575,0.006810311,0.044468295,0.0040308405,0.18608594,0.0750904,0.16525918,0.68071455,0.0090399375,0.059132032,0.40531233,0.041919626,0.21320216,0.056602143,0.19791263,0.18066074,0.026361678,0.0030274044,0.31766906
6.455901e-05,0.015860872,1.798038e-05,5.3048717e-07,9.063034e-06,0.0017759629,3.3251017e-06,0.017164115,0.0021147795,0.0084886495,0.16106534,2.0680676e-05,0.0007853302,0.11596529,0.0005692334,0.04372878,0.00094777066,0.02297287,0.025927717,9.3175346e-05,1.0133441e-06,0.08179579
0.0024849102,0.08235842,0.0012933668,0.00014385079,0.00077655126,0.016414776,0.00042525717,0.08498206,0.023224303,0.062319282,0.46198708,0.0012990575,0.0140352715,0.274571,0.010866019,0.12782837,0.015143433,0.10313172,0.0998321,0.004076438,0.00022934047,0.20572786
0.007349979,0.13190608,0.0045315432,0.0007557685,0.0029649227,0.031347807,0.0018161589,0.13549463,0.04655719,0.11195874,0.5892869,0.004365512,0.034239966,0.34289685,0.026021712,0.17004363,0.033174608,0.15389849,0.14300394,0.012625098,0.0011815897,0.2625722
0.006623875,0.13057312,0.004174359,0.000665181,0.002691717,0.028734399,0.0015345943,0.13514374,0.046264347,0.11153229,0.6008314,0.003969207,0.032276288,0.35244936,0.023639603,0.17345029,0.033091925,0.15324694,0.14327502,0.0120773055,0.0010045776,0.26985097
0.28109816,0.46899313,0.27927506,0.20169388,0.24895597,0.30149993,0.21307297,0.46213287,0.42435256,0.4794126,0.691986,0.2565065,0.40963677,0.5513975,0.32252705,0.43365794,0.36119285,0.4134625,0.41120476,0.36622435,0.21612614,0.49865472
2.971546e-06,0.004031932,5.007228e-07,4.9306537e-09,2.1977239e-07,0.00024939678,5.703287e-08,0.0046023205,0.00028702588,0.0017441198,0.077719755,6.2727366e-07,7.5917356e-05,0.05977341,4.908175e-05,0.016925922,9.6467935e-05,0.0066481596,0.00810936,4.3043924e-06,1.156461e-08,0.038706236
8.810501e-05,0.018461267,2.6207681e-05,8.5248774e-07,1.3365961e-05,0.0021408256,4.952428e-06,0.019938271,0.0026384674,0.010167066,0.17990193,2.9587467e-05,0.0010039858,0.12634844,0.0007287126,0.04877421,0.00122261,0.026270475,0.029363323,0.00012982343,1.5918523e-06,0.08977325
9.892994e-05,0.019453067,2.9942017e-05,1.0231714e-06,1.5316975e-05,0.002308973,5.834741e-06,0.020930238,0.0028398512,0.010790266,0.18410197,3.381708e-05,0.0010947943,0.12996091,0.00080105476,0.050434876,0.0013272939,0.02763742,0.030666843,0.00014568964,1.8947765e-06,0.09224025
0.0087317,0.14314182,0.005668895,0.0010109677,0.003743039,0.034382634,0.0023243288,0.14691678,0.05430514,0.12546173,0.61042625,0.0053881006,0.03956327,0.3642579,0.029912725,0.18130769,0.038606312,0.1657864,0.15471515,0.015475697,0.0015479199,0.2775175
3.5328742e-06,0.004359891,6.146069e-07,6.500126e-09,2.7204058e-07,0.0002834728,7.410762e-08,0.004932035,0.0003244844,0.0019003944,0.07833695,7.673462e-07,8.6779306e-05,0.06259551,5.690927e-05,0.017645935,0.000107633176,0.0071051256,0.0086187655,5.115636e-06,1.5102238e-08,0.039942406
0.0015817673,0.06716025,0.0007703468,7.3383635e-05,0.000448344,0.012790809,0.00024293804,0.06927759,0.01745564,0.0482218,0.39949694,0.00078606355,0.00979718,0.24841727,0.007685887,0.1120607,0.010727397,0.08600355,0.08551342,0.002528689,0.00011942227,0.18178903
0.0006903549,0.046183486,0.00028949906,2.0159356e-05,0.00016105763,0.0077272155,7.850224e-05,0.048015423,0.010028543,0.030339709,0.31454438,0.00030535445,0.0049956194,0.2027181,0.003891893,0.08837586,0.0056935814,0.060930338,0.06297317,0.001058139,3.3957942e-05,0.14772016
0.029328529,0.23324667,0.02285995,0.00652636,0.017217617,0.07153742,0.011623809,0.23753084,0.11983235,0.22783342,0.7034568,0.020975064,0.1034361,0.44595623,0.07552377,0.25017816,0.090104975,0.24268065,0.221351,0.053209953,0.009519166,0.35151532
8.621998e-05,0.018029008,2.5412011e-05,8.357153e-07,1.2864839e-05,0.0021594637,5.029333e-06,0.01926465,0.0025783472,0.009839993,0.16996075,2.8809467e-05,0.0009865339,0.124733925,0.00073208916,0.047189265,0.0011682204,0.025718445,0.029005006,0.00012477848,1.5831439e-06,0.08687169
0.004804068,0.11014472,0.0027872159,0.00039552525,0.0017526052,0.02431109,0.0010201519,0.113568164,0.035599716,0.08946433,0.54451823,0.0027065612,0.024224265,0.3175491,0.018532747,0.1530805,0.024653422,0.13260402,0.12521918,0.008184065,0.0006186309,0.24089351
0.0001749921,0.025015512,5.8206555e-05,2.4652174e-06,3.0503597e-05,0.0033175917,1.2463828e-05,0.02654956,0.0041013137,0.014568701,0.21317105,6.486163e-05,0.0017002084,0.14827009,0.0012710982,0.059424765,0.0020358562,0.034864638,0.037643705,0.00025836087,4.4061694e-06,0.10528296
3.9042548e-06,0.0045038667,6.8276404e-07,7.445825e-09,3.0376725e-07,0.00030030953,8.3545174e-08,0.0051005273,0.00034061956,0.0019718918,0.07995024,8.528406e-07,9.3255156e-05,0.062840015,6.132067e-05,0.018066095,0.00011481638,0.0073479195,0.008936941,5.58437e-06,1.728949e-08,0.040681534
0.0019620862,0.073190205,0.0009707208,9.975523e-05,0.0005758472,0.014486407,0.00031407515,0.07543848,0.019526843,0.05348386,0.4250232,0.000988328,0.011512099,0.25671294,0.009029593,0.117715366,0.012429069,0.093318895,0.09078737,0.003110979,0.00016149312,0.19042972
0.0015360805,0.0654758,0.00072480604,6.791627e-05,0.00042641614,0.012502933,0.0002252507,0.067572,0.016523682,0.046431873,0.395934,0.0007487736,0.009432671,0.24113517,0.0073750285,0.10958294,0.010280676,0.08433929,0.08284218,0.0023968562,0.00011136153,0.17838037
0.0017402538,0.06977325,0.000849473,8.3419e-05,0.0004986095,0.013424609,0.0002699289,0.071812175,0.01827873,0.050255254,0.412061,0.00086360285,0.010465045,0.2514541,0.008225347,0.1144245,0.011436034,0.08888376,0.088077836,0.0027671694,0.00013515762,0.1860407
8.372434e-06,0.006286774,1.6362841e-06,2.3706194e-08,7.507811e-07,0.00049260404,2.282803e-07,0.006965896,0.0005509655,0.0028834173,0.09275729,2.0144298e-06,0.00016571043,0.07336926,0.0001125626,0.022593787,0.00019926728,0.009892505,0.01181759,1.17583295e-05,5.2312856e-08,0.048310272
0.00040586657,0.036056213,0.00015355142,8.896975e-06,8.3612926e-05,0.005647591,3.9130467e-05,0.037673168,0.006964841,0.022301573,0.26259217,0.000166426,0.0032844997,0.17674658,0.0025306104,0.07449502,0.0037450683,0.04885269,0.051324584,0.00060147035,1.5473777e-05,0.12746061
4.3102536e-05,0.01321917,1.1194498e-05,2.907058e-07,5.5262835e-06,0.0014122981,2.057741e-06,0.014404354,0.001625812,0.0067623965,0.1394464,1.2983038e-05,0.0005835662,0.105711326,0.00042496095,0.03791438,0.00068769255,0.019507926,0.022374073,6.153518e-05,5.7547766e-07,0.072841555
3.9550574e-05,0.012708359,1.0138786e-05,2.558721e-07,4.9667497e-06,0.0013385032,1.8437315e-06,0.013836041,0.0015401946,0.006474559,0.13581848,1.1790949e-05,0.00054541905,0.104114465,0.00039707872,0.036904234,0.0006439031,0.018835826,0.021637954,5.636415e-05,5.089938e-07,0.07123183
0.0013264708,0.06160839,0.000613917,5.4314583e-05,0.00036005693,0.011474945,0.00018885291,0.06342395,0.015250282,0.042960502,0.37692124,0.00063379674,0.0084059,0.2337257,0.0065893102,0.10472392,0.009132405,0.078957476,0.078660436,0.002067128,8.98681e-05,0.1721808
0.0021965129,0.0776923,0.0011091183,0.00011808788,0.0006682399,0.015363164,0.0003637123,0.07990335,0.021192214,0.057411183,0.4411356,0.0011234628,0.012696418,0.26408505,0.009849852,0.12191544,0.013575264,0.09733948,0.09457945,0.0035483341,0.00019054263,0.19733468
0.0022912235,0.078626126,0.0011635836,0.00012676085,0.0006990913,0.015825415,0.00038783997,0.08092589,0.02175647,0.05871175,0.44284168,0.0011783976,0.013056141,0.2667421,0.010219221,0.12308843,0.013898425,0.09903101,0.095884725,0.0036885238,0.00020379468,0.19845098
0.0047841137,0.1100854,0.0027911735,0.0003965198,0.0017530033,0.024123937,0.0010216472,0.113444366,0.03597324,0.09013317,0.5434078,0.0027247427,0.024083804,0.32017943,0.018410549,0.15351294,0.024786891,0.13322833,0.1254813,0.0081762,0.0006176711,0.2418532
0.0023809504,0.081230834,0.0012424233,0.00013615949,0.0007425287,0.016010266,0.0004024175,0.083967976,0.022839487,0.061351378,0.4593587,0.0012452365,0.013638427,0.27500284,0.010496893,0.12729566,0.014864285,0.10209556,0.09892043,0.0039372616,0.00021618839,0.20509537
0.0004246212,0.03680171,0.00016219977,9.537021e-06,8.8668196e-05,0.005812959,4.1426516e-05,0.038438275,0.007171903,0.022880472,0.26631966,0.00017518828,0.0034018217,0.17862372,0.002624827,0.07540442,0.0038694034,0.049540192,0.05220714,0.0006322975,1.6547512e-05,0.12878753
0.00032314615,0.033459354,0.00012167199,6.3809402e-06,6.5617205e-05,0.00485094,2.8933337e-05,0.03552143,0.006335567,0.020623146,0.25722805,0.00013074387,0.0027873102,0.1743731,0.002101205,0.07240945,0.0032622789,0.045255896,0.048036747,0.00049699954,1.1063111e-05,0.1248965
9.3907394e-05,0.018581234,2.7559414e-05,9.3396113e-07,1.4125068e-05,0.002280733,5.553413e-06,0.019859921,0.002658914,0.010111327,0.17184983,3.133876e-05,0.0010501007,0.1246228,0.0007768543,0.04765788,0.0012239802,0.026422096,0.029645944,0.00013419858,1.7668875e-06,0.087947436
5.1798895e-07,0.0018558151,6.59172e-08,3.5774397e-10,2.659291e-08,8.340517e-05,6.086199e-09,0.002170686,9.2546616e-05,0.000706975,0.05077153,8.639239e-08,2.0371168e-05,0.041292652,1.2707726e-05,0.009582307,2.6132038e-05,0.0033112278,0.0041978145,7.569367e-07,9.517466e-10,0.024963502
0.0010660148,0.055542625,0.00047909285,3.915914e-05,0.00027142905,0.010052535,0.00014129489,0.057432126,0.013292968,0.038238656,0.35380173,0.0004972317,0.007000835,0.2243961,0.005532097,0.09917342,0.007787758,0.07265653,0.07353923,0.0016421769,6.4923945e-05,0.1635429
0.0028820618,0.08905259,0.001550033,0.0001822696,0.0009440212,0.017849643,0.00051838084,0.09164045,0.025995355,0.06840981,0.48395595,0.0015392503,0.015970351,0.28719765,0.012243807,0.13440779,0.017142288,0.10989347,0.10563769,0.0048511634,0.00028729584,0.21564376
0.001355319,0.063064605,0.00063809584,5.6628956e-05,0.00037099476,0.01147819,0.0001907959,0.065132394,0.015690507,0.04437111,0.3888635,0.0006539153,0.008575401,0.238992,0.006665337,0.107633255,0.009553496,0.08062719,0.080385044,0.0021639038,9.225928e-05,0.17697333
0.00078646396,0.048287805,0.00033356866,2.4644542e-05,0.00018778829,0.008473513,9.522349e-05,0.049800735,0.010751698,0.031876292,0.31673667,0.00035060316,0.0055193966,0.20612638,0.0043541943,0.089440756,0.0061379117,0.063446,0.06536404,0.0011891446,4.1649335e-05,0.14951931
9.7827186e-05,0.019279925,2.9560477e-05,1.0050594e-06,1.5212903e-05,0.0023133988,5.8409655e-06,0.020686064,0.0028346207,0.010653456,0.1805072,3.3274715e-05,0.0010857339,0.12938918,0.0008005267,0.04963227,0.0012944302,0.027237311,0.03032313,0.00014323405,1.8773239e-06,0.090971515
0.0007340421,0.046625245,0.0003072611,2.2139327e-05,0.00017069707,0.0081168655,8.580152e-05,0.048319645,0.010197353,0.03070052,0.31247807,0.00032469514,0.0051939855,0.20317172,0.004097897,0.08813302,0.0058433833,0.06227157,0.06370693,0.001100807,3.73632e-05,0.1472611
1.8952816e-05,0.009162399,4.3269465e-06,8.381603e-08,2.0410832e-06,0.0008362198,6.977092e-07,0.0101153515,0.0009606494,0.0044443794,0.113793395,5.136809e-06,0.00031232627,0.08918354,0.00022090082,0.029598905,0.00037429377,0.013979912,0.016537884,2.7117825e-05,1.7491664e-07,0.059717447
1.765949e-05,0.008877658,3.979323e-06,7.511214e-08,1.8737022e-06,0.0007992442,6.342799e-07,0.009813227,0.00091688614,0.0042787897,0.111880854,4.7331278e-06,0.0002961516,0.087703876,0.00020871208,0.028945945,0.00035497066,0.013563693,0.01609502,2.5260324e-05,1.575649e-07,0.058687944
0.020033767,0.20545395,0.014833162,0.0035610772,0.010647462,0.055569418,0.00651552,0.21376227,0.094259016,0.19570996,0.70700485,0.013482747,0.07798367,0.4274584,0.055344634,0.23330365,0.0716109,0.22030875,0.19923525,0.037748195,0.0051728375,0.33923575
0.024788719,0.22481619,0.019047221,0.004943295,0.01400052,0.06298592,0.008550687,0.23428157,0.109613225,0.21802151,0.7247348,0.01709626,0.09250906,0.44462517,0.06459648,0.2494653,0.08378447,0.23539215,0.21292673,0.04743141,0.0070521124,0.3566132
0.0005190379,0.040673368,0.00020624186,1.2837766e-05,0.000114390954,0.006447733,5.2903975e-05,0.04246371,0.008298019,0.025873093,0.29153165,0.00021981898,0.003970231,0.18845508,0.0030559117,0.08124046,0.0045813625,0.054066792,0.05649282,0.000788276,2.1892483e-05,0.13801584
0.0048214663,0.1087616,0.0027856035,0.00040430418,0.001740599,0.024659377,0.0010745028,0.11108078,0.035648137,0.08864122,0.5273497,0.0027391894,0.023913182,0.31662127,0.01881485,0.1509693,0.024208793,0.13221838,0.12508547,0.008006307,0.0006333083,0.23583889
0.005606024,0.11628577,0.003318672,0.00050977885,0.002104396,0.026964199,0.0013160119,0.118686296,0.03937554,0.09629769,0.5452692,0.0032455889,0.027115561,0.32676962,0.021237547,0.15718666,0.02701664,0.13980974,0.13147955,0.009392305,0.00079629046,0.24417248
0.012377954,0.16888937,0.008508555,0.0017099694,0.005804004,0.041620433,0.003476568,0.17514771,0.06859936,0.15384142,0.665039,0.007904894,0.053147648,0.393823,0.03842371,0.20406109,0.051025067,0.18902633,0.17260219,0.022929985,0.0025384438,0.30715764
0.00020889104,0.026778543,7.048283e-05,3.2083954e-06,3.777546e-05,0.0037641083,1.630342e-05,0.028139835,0.004536926,0.015575244,0.2155524,7.8377176e-05,0.0019435569,0.15053686,0.0014862487,0.06089691,0.0022399726,0.036774036,0.039747495,0.0003038183,5.7852894e-06,0.10726322
0.0014436631,0.06361681,0.00068072556,6.2416904e-05,0.00039441654,0.012094345,0.00021215298,0.0655025,0.016058551,0.044962257,0.3847393,0.0006998339,0.008937363,0.23965362,0.0070770956,0.10751236,0.00977632,0.08226909,0.0817408,0.0022503748,0.00010281378,0.17617755
0.00054280134,0.041270163,0.00021612905,1.3968419e-05,0.000119466924,0.0067725247,5.8594054e-05,0.0428381,0.008510265,0.026241649,0.28438893,0.00023071078,0.004113239,0.19007728,0.003226006,0.08112778,0.004609929,0.054817416,0.057058208,0.00081590156,2.3933277e-05,0.13711181
1.8923807e-09,0.00015150121,9.4951776e-11,7.251037e-14,2.9745244e-11,2.2781219e-06,3.919322e-12,0.00019307782,2.2799063e-06,3.9315695e-05,0.01428834,1.4410505e-10,2.9147003e-07,0.012101668,1.5285978e-07,0.0015236542,4.0060388e-07,0.00035606654,0.0004823775,2.8167202e-09,2.8747905e-13,0.006038787
0.0015689335,0.066966414,0.0007576397,7.116536e-05,0.00044316266,0.012566664,0.00023433212,0.06902131,0.017244684,0.04805844,0.40264955,0.00077449856,0.009622622,0.24673183,0.0075332,0.11173719,0.010598497,0.085365355,0.084567584,0.0025066074,0.00011553224,0.1826715
2.8229374e-09,0.00018113512,1.517875e-10,1.297862e-13,4.8677423e-11,2.901789e-06,6.3564484e-12,0.00023079899,2.9711298e-06,4.8657246e-05,0.016183281,2.2752172e-10,3.951943e-07,0.013228143,2.0473732e-07,0.0017532293,5.386073e-07,0.00041552607,0.00055985816,4.226213e-09,5.0244504e-13,0.0067393407
5.0042054e-08,0.00065459614,4.326963e-09,1.0297343e-11,1.5755409e-09,1.8445582e-05,2.8206812e-10,0.0007965254,1.9949422e-05,0.00021302277,0.030494686,6.0261565e-09,3.470263e-06,0.024934214,1.9925358e-06,0.004508224,4.615974e-06,0.0013127063,0.0017149574,7.388152e-08,3.216105e-11,0.013950159
0.01364445,0.16981456,0.009451947,0.0020183232,0.006460698,0.04536005,0.0042979284,0.17408295,0.07235047,0.15555274,0.64214945,0.008880143,0.05688749,0.39327872,0.04285697,0.20307326,0.052593485,0.19156493,0.1783179,0.024054043,0.003067137,0.29927588
0.001466288,0.06478573,0.0006961166,6.402434e-05,0.00040517497,0.012084812,0.00021344688,0.067029096,0.016370952,0.046147034,0.394239,0.00071651017,0.009107929,0.24199094,0.007116603,0.1097433,0.010085259,0.08344056,0.082635224,0.0023229162,0.00010448219,0.17907278
0.0008946855,0.051797118,0.0003919566,3.007816e-05,0.00022151161,0.009062412,0.000112490496,0.053792384,0.011904629,0.034913562,0.33747354,0.0004097432,0.0061465283,0.21537898,0.0048114075,0.09479363,0.006879684,0.067806445,0.06930363,0.0013836694,5.0294097e-05,0.15735392
0.0001648146,0.023946712,5.385499e-05,2.2589625e-06,2.7952608e-05,0.0032631708,1.2092857e-05,0.02539042,0.003890208,0.01367496,0.20014575,5.9702885e-05,0.0016267791,0.143436,0.0012423825,0.056921326,0.0018952028,0.03363633,0.037145745,0.00023858857,4.1204044e-06,0.10118414
6.9938146e-08,0.0007565427,6.3691523e-09,1.7271302e-11,2.347679e-09,2.3203713e-05,4.466664e-10,0.0009135254,2.4753055e-05,0.00025133963,0.03183495,8.806017e-09,4.4936855e-06,0.02685278,2.6125988e-06,0.0049766824,5.863463e-06,0.0014972292,0.0019389411,1.02654965e-07,5.2837436e-11,0.014987341
3.7080496e-09,0.00020338723,2.0844466e-10,2.0021787e-13,6.754209e-11,3.5104024e-06,9.51076e-12,0.0002560467,3.5638134e-06,5.512617e-05,0.016524341,3.0943278e-10,4.8373875e-07,0.014010114,2.5993594e-07,0.0018906342,6.5726493e-07,0.00046356057,0.00062424067,5.490856e-09,7.596678e-13,0.0071416055
8.790964e-05,0.018136906,2.5702657e-05,8.5660076e-07,1.3111581e-05,0.0022001078,5.194446e-06,0.019318864,0.002582472,0.009854983,0.16774796,2.9289211e-05,0.0009969082,0.12423792,0.0007425549,0.046842754,0.0011579611,0.025824536,0.028861804,0.00012605653,1.6237674e-06,0.08644164
1.9416649e-11,2.0191448e-05,4.770365e-13,7.034721e-17,1.2160074e-13,1.17220665e-07,9.352301e-15,2.7736225e-05,1.1558792e-07,3.8892526e-06,0.0055999216,8.0071637e-13,9.103746e-09,0.004530777,4.116762e-09,0.00035436862,1.3920983e-08,5.839492e-05,8.399964e-05,3.0972665e-11,3.8163768e-16,0.0019538184
6.7668424e-07,0.0020708158,8.9095685e-08,5.3158e-10,3.6631178e-08,9.967526e-05,8.621392e-09,0.002403762,0.00010847923,0.0008009872,0.05256622,1.16382786e-07,2.4972922e-05,0.043312985,1.5577938e-05,0.0102594765,3.101611e-05,0.0036552968,0.0045637954,9.785831e-07,1.3987541e-09,0.026162703
0.0001716869,0.024535809,5.6343135e-05,2.411901e-06,2.9492898e-05,0.003356138,1.2741801e-05,0.025864938,0.0040067467,0.014088834,0.20177779,6.290773e-05,0.0016792639,0.14539528,0.0012784067,0.057586122,0.0019298136,0.03410114,0.03726645,0.00025026404,4.3842474e-06,0.1020159
0.00026811782,0.030285211,9.5659525e-05,4.698924e-06,5.136775e-05,0.0043357406,2.2276925e-05,0.031902935,0.005420122,0.018158503,0.23864658,0.00010456721,0.0023712192,0.1622094,0.0018035836,0.06682301,0.0027624248,0.041238625,0.04418873,0.00039953084,8.29808e-06,0.11659978
6.54217e-05,0.0159346,1.8269378e-05,5.3975657e-07,9.2342425e-06,0.0018057551,3.4445975e-06,0.017177112,0.0021465784,0.008493591,0.15898097,2.0904421e-05,0.000793218,0.11627851,0.00058059813,0.043349296,0.00093885866,0.022881607,0.0259792,9.425099e-05,1.0391066e-06,0.081390224
4.6248306e-06,0.004814781,8.249051e-07,9.700042e-09,3.6620992e-07,0.00033812056,1.0606783e-07,0.005392383,0.00037469913,0.0021168806,0.08056037,1.0291783e-06,0.00010623317,0.064848736,7.096775e-05,0.018773532,0.00012929185,0.007873428,0.009544403,6.5368454e-06,2.2353532e-08,0.0418322
0.0037704916,0.09861894,0.002115658,0.0002779427,0.0013006123,0.021272287,0.0007679164,0.10120986,0.030702695,0.07814867,0.5042818,0.0020820769,0.019781368,0.30276066,0.015457063,0.1426693,0.020533882,0.12130464,0.11602534,0.0063035763,0.00043897607,0.22553669
0.14079173,0.3908872,0.1339803,0.07262709,0.11855387,0.19122534,0.090641245,0.38897553,0.306256,0.4054264,0.7268902,0.121760264,0.2913343,0.52880716,0.21690877,0.3694879,0.24211411,0.35613984,0.3387061,0.2198255,0.090826884,0.4511481
2.4889707e-05,0.0102927685,5.918457e-06,1.270128e-07,2.8397503e-06,0.0009999037,9.995364e-07,0.011244975,0.001135827,0.005083991,0.12032486,7.009337e-06,0.00038218295,0.09385675,0.00027453553,0.03189531,0.00045693052,0.015610529,0.018160652,3.527505e-05,2.6042176e-07,0.063336976
0.00036694622,0.03453431,0.00013659356,7.5549815e-06,7.3949974e-05,0.0052504567,3.3617656e-05,0.0362713,0.006550166,0.021229962,0.25977534,0.00014796441,0.0030183482,0.17264149,0.0023193164,0.07288037,0.0034932184,0.046829015,0.049750768,0.00054520206,1.3097797e-05,0.12560584
0.013504487,0.16940837,0.0093227755,0.0019757731,0.0063836374,0.04512278,0.0042254296,0.17337218,0.07140906,0.15475589,0.6416848,0.008732257,0.0560096,0.3912697,0.042416252,0.20123295,0.05170329,0.1903557,0.17606778,0.023810001,0.0030083861,0.299211
1.3674412e-10,4.7201454e-05,4.538401e-12,1.3613741e-15,1.2531614e-12,4.1945268e-07,1.2681841e-13,6.228663e-05,4.0975638e-07,1.01901705e-05,0.008035677,7.271112e-12,3.9693358e-08,0.006872504,1.9578522e-08,0.0006476664,5.74563e-08,0.00012587302,0.00017813485,2.0895377e-10,6.53788e-15,0.003138687
0.0016273236,0.06678271,0.0007771294,7.505328e-05,0.00045385212,0.013094254,0.00025357114,0.06841937,0.017250326,0.04769241,0.3909111,0.000798671,0.009834916,0.24375433,0.007861358,0.10985733,0.010478422,0.08526036,0.084802695,0.0025263857,0.00012370489,0.178824
0.0010990269,0.05633728,0.0004924001,4.1352392e-05,0.00027893795,0.010346827,0.00015009021,0.058275312,0.013386039,0.03842121,0.35204148,0.00051102455,0.0072203735,0.22360902,0.005739795,0.0995404,0.0079277195,0.07359313,0.07468834,0.0016918684,6.865398e-05,0.16354075
0.0053781206,0.11384186,0.0031652735,0.0004774869,0.0019958976,0.026403986,0.0012522712,0.116130866,0.038333494,0.09378359,0.53637683,0.0030869716,0.02620881,0.3231446,0.020599794,0.15463547,0.025964031,0.1367653,0.12955053,0.008973747,0.0007503601,0.24130757
0.000493922,0.04005369,0.0001962137,1.2168525e-05,0.00010767353,0.0063365554,5.157774e-05,0.042030763,0.008143898,0.025347287,0.2846418,0.00020876084,0.003849548,0.18875992,0.0029852348,0.080458395,0.0043970346,0.053586368,0.05598557,0.0007530037,2.0685824e-05,0.13618855
0.00054642255,0.04145711,0.00021857212,1.402032e-05,0.00012119954,0.006749147,5.8152353e-05,0.043094605,0.008551314,0.026419774,0.2885358,0.00023305697,0.004136839,0.19063431,0.0032210373,0.08147934,0.004674857,0.055005588,0.057244275,0.0008248177,2.3977871e-05,0.13815102
1.6068868e-11,1.8567765e-05,3.8687635e-13,5.4409486e-17,9.70557e-14,1.0552824e-07,7.7709776e-15,2.576484e-05,1.0353531e-07,3.5078826e-06,0.005187857,6.465553e-13,7.972206e-09,0.0044066333,3.6248347e-09,0.00033237634,1.2136193e-08,5.493624e-05,7.951354e-05,2.5835624e-11,2.9908156e-16,0.001866904
0.0013742789,0.06297801,0.00064507907,5.7735335e-05,0.00037461097,0.011612797,0.00019465902,0.065055825,0.015697239,0.04445343,0.387601,0.000664201,0.008641906,0.23818016,0.0067450465,0.10744968,0.009584262,0.08091944,0.080541454,0.0021711923,9.441264e-05,0.17618959
0.0017786132,0.07014614,0.0008693434,8.570183e-05,0.0005115533,0.013592396,0.00027678366,0.07222961,0.018484065,0.050895266,0.413095,0.00088746025,0.01058601,0.25188074,0.008333256,0.11463216,0.011499977,0.0894176,0.08816696,0.0028200974,0.00013953145,0.18669622
0.00044700745,0.037614994,0.00017290015,1.0412768e-05,9.4321294e-05,0.006039997,4.5691955e-05,0.03917665,0.0074961255,0.023536118,0.26693717,0.00018555931,0.003530336,0.18138559,0.0027742654,0.076536916,0.0039877472,0.050672982,0.053307354,0.00066581875,1.8039307e-05,0.13013193
3.0269547e-08,0.0005186311,2.3858688e-09,4.8347346e-12,8.507012e-10,1.3614703e-05,1.4951751e-10,0.00063180504,1.4103209e-05,0.00016140277,0.026030608,3.3737717e-09,2.3876626e-06,0.022121126,1.3570736e-06,0.003744474,3.1346951e-06,0.0010692485,0.0014011867,4.4184286e-08,1.5788605e-11,0.012033909
0.0006440323,0.044290565,0.00026430388,1.82217e-05,0.000145647,0.0074954154,7.3664356e-05,0.04616188,0.00947306,0.028745426,0.30045953,0.00027984096,0.004712457,0.19776921,0.0037126108,0.08537972,0.005282594,0.05913881,0.061328456,0.0009708122,3.0795534e-05,0.14298894
2.2989427e-06,0.0035941694,3.7205953e-07,3.3651277e-09,1.6181063e-07,0.00021416243,4.1741586e-08,0.0041256803,0.00024365877,0.0015195886,0.072046086,4.6900504e-07,6.28814e-05,0.056580972,4.037944e-05,0.015464062,7.909504e-05,0.0060027135,0.0073589818,3.3336805e-06,8.0482305e-09,0.036223363
0.00015192984,0.023224264,4.8745485e-05,1.9585918e-06,2.5606043e-05,0.003071787,1.0577116e-05,0.024586016,0.003703368,0.013183967,0.1983438,5.4415836e-05,0.0015175657,0.14052278,0.0011461377,0.055548202,0.0017600734,0.032298643,0.03551936,0.00022068525,3.5915864e-06,0.0997245
0.0014338134,0.0634919,0.00067325466,6.1623155e-05,0.0003911595,0.012044402,0.00020968905,0.065508895,0.016003028,0.04504473,0.38472474,0.0006954299,0.008900507,0.23912291,0.00703181,0.10751473,0.009687118,0.08186393,0.08114998,0.0022321895,0.000101212034,0.17538676
8.325458e-05,0.017751766,2.425868e-05,7.9865066e-07,1.2282281e-05,0.0021317787,4.882274e-06,0.01914827,0.0025063273,0.009627735,0.16750664,2.7632837e-05,0.00096437894,0.12340227,0.00071558554,0.046703193,0.0011372089,0.025574012,0.028623022,0.00012011757,1.5055854e-06,0.08588374
0.00045015526,0.03741237,0.00017230422,1.0543077e-05,9.3414565e-05,0.0061285323,4.6001933e-05,0.03879443,0.0073424336,0.023245633,0.26295677,0.00018653285,0.0035698628,0.17965181,0.002794976,0.07564637,0.0039646327,0.050535172,0.053122103,0.0006625809,1.8324883e-05,0.12809008
0.0008145514,0.04904564,0.00034779427,2.6029691e-05,0.00019457645,0.008643646,9.9648176e-05,0.05071961,0.010982094,0.032579273,0.32144547,0.00036599554,0.0056764847,0.20849492,0.004479528,0.09090611,0.006323713,0.06477008,0.066470586,0.001234535,4.3877073e-05,0.15123154
0.0010877267,0.05638616,0.0004871301,3.9996623e-05,0.00027951697,0.010142306,0.00014325127,0.058265306,0.013337502,0.038562037,0.35759306,0.0005067859,0.0071469224,0.22362103,0.005592796,0.09949585,0.007914274,0.07308037,0.073722005,0.0016838673,6.645999e-05,0.16471921
6.37934e-06,0.0056746844,1.2231155e-06,1.5762812e-08,5.567161e-07,0.00041004486,1.5908749e-07,0.006375117,0.00047612222,0.002569064,0.09109126,1.4958076e-06,0.00013586962,0.070834465,9.05867e-05,0.021354796,0.00016864632,0.009026939,0.0108330725,9.225e-06,3.5307913e-08,0.0464202
0.00048082517,0.03955741,0.00019047469,1.1585965e-05,0.000105291125,0.006204414,4.864384e-05,0.041394953,0.008012115,0.02509876,0.28428775,0.00020304466,0.0037700708,0.1869788,0.002894662,0.07982612,0.004338475,0.052611705,0.05498026,0.000733849,1.9812534e-05,0.13553038
5.357684e-06,0.005225997,9.964556e-07,1.2334484e-08,4.4796454e-07,0.0003741402,1.3094943e-07,0.005864738,0.00042386312,0.0023376257,0.08435307,1.230681e-06,0.00011940223,0.0682722,7.9942874e-05,0.019965857,0.00014572537,0.008414892,0.010089363,7.704966e-06,2.7953988e-08,0.043811306
2.6753969e-05,0.010719667,6.5005534e-06,1.412047e-07,3.1364114e-06,0.0010313455,1.0660963e-06,0.0117264055,0.0012052212,0.005376976,0.12627365,7.6548395e-06,0.000402828,0.09672623,0.00028448892,0.033239737,0.0004900558,0.016092256,0.018611418,3.8564223e-05,2.8575835e-07,0.065567486
2.7885724e-06,0.0039593736,4.7303112e-07,4.559622e-09,2.0790968e-07,0.00024308865,5.4788167e-08,0.004516871,0.00028252898,0.0017007799,0.075528346,5.8813157e-07,7.283197e-05,0.059937645,4.7493006e-05,0.016580896,9.1594564e-05,0.0065048863,0.007949244,4.093434e-06,1.0794009e-08,0.03810451
9.640587e-07,0.002447967,1.366636e-07,9.1302255e-10,5.706802e-08,0.00012396088,1.3726375e-08,0.002837083,0.00013985568,0.000978103,0.058374688,1.7532028e-07,3.2662963e-05,0.04739372,2.0610447e-05,0.011703159,4.1072133e-05,0.0042345827,0.0052852407,1.4127409e-06,2.342526e-09,0.029011462
0.00036141343,0.034376197,0.00013455057,7.3929546e-06,7.31472e-05,0.005222112,3.3200165e-05,0.035931718,0.006510969,0.021095444,0.25674358,0.00014596609,0.0029844188,0.17250146,0.0022978047,0.07222024,0.0034293968,0.046305772,0.04920984,0.00053725747,1.2883773e-05,0.12446177
0.0012866706,0.061480876,0.00059744326,5.1885774e-05,0.0003467453,0.011104914,0.00017553607,0.06375356,0.015036702,0.042922482,0.3858204,0.0006137848,0.008240745,0.23449978,0.006361705,0.10644416,0.009232782,0.07900062,0.079121456,0.0020409944,8.4715335e-05,0.17458342
0.00069681177,0.045927275,0.0002898437,2.045944e-05,0.00016209154,0.007883033,8.180785e-05,0.047703877,0.010006714,0.030076869,0.30591455,0.0003064487,0.005016071,0.20145665,0.003941365,0.08698486,0.005551907,0.06072808,0.062459644,0.0010542475,3.4728677e-05,0.14574084
0.0018273568,0.0702393,0.00088596233,8.9269786e-05,0.000519894,0.014032916,0.00029377587,0.07195502,0.018501185,0.05072752,0.4040202,0.00090779486,0.0108126635,0.25054443,0.008601507,0.113355085,0.011388693,0.08949022,0.08811993,0.0028418961,0.00014653437,0.18399446
2.2028894e-08,0.00044842824,1.6256376e-09,2.9668397e-12,5.668805e-10,1.0993716e-05,9.599667e-11,0.0005424664,1.1265107e-05,0.00013753682,0.024251565,2.3509947e-09,1.8475881e-06,0.020493243,1.0490877e-06,0.0033610028,2.4429817e-06,0.0009334534,0.0012223789,3.183034e-08,9.8453416e-12,0.011057332
0.0048698224,0.11262881,0.0028743546,0.000408923,0.0018112634,0.02413661,0.0010278235,0.116299674,0.03690133,0.09238912,0.55608344,0.002780634,0.024676494,0.32455283,0.018566977,0.15653878,0.025610738,0.13481146,0.12745729,0.008536986,0.00062953954,0.2470781
6.209586e-07,0.001983557,8.0027256e-08,4.6525309e-10,3.2736672e-08,9.436177e-05,7.701737e-09,0.0023052634,0.000101607264,0.00075755897,0.05105725,1.04854095e-07,2.345384e-05,0.04207563,1.46045195e-05,0.0098922895,2.926615e-05,0.0035166112,0.00444511,8.907434e-07,1.232131e-09,0.025578236
0.0012291354,0.05983359,0.0005644885,4.849502e-05,0.00032862532,0.010901669,0.00016828586,0.061887376,0.014566471,0.04165673,0.373964,0.00058501225,0.007909083,0.23096207,0.0061630164,0.10360864,0.008735275,0.07708803,0.07682856,0.0019286989,7.9728416e-05,0.17048682
5.236001e-05,0.014477172,1.4215623e-05,3.932716e-07,7.065693e-06,0.0015935381,2.6409584e-06,0.015586097,0.001867717,0.007564845,0.14665112,1.6338689e-05,0.00067687454,0.111759864,0.00049192016,0.040365584,0.00079879427,0.020984598,0.023968827,7.558175e-05,7.682709e-07,0.0768441
2.7178928e-06,0.0038473397,4.4766475e-07,4.3784105e-09,1.9565759e-07,0.00024156444,5.3023168e-08,0.0043673906,0.00026788298,0.0016340984,0.07221324,5.657663e-07,7.1379596e-05,0.058106788,4.6746067e-05,0.016034774,8.873316e-05,0.0063906913,0.007826457,3.8887965e-06,1.040603e-08,0.037055705
1.9397837e-06,0.0033046203,3.02409e-07,2.645534e-09,1.3054108e-07,0.00019605905,3.4607627e-08,0.0037604538,0.00021530098,0.001372146,0.06622538,3.8669847e-07,5.5143308e-05,0.05392558,3.617062e-05,0.014346724,6.89483e-05,0.0055915234,0.006870633,2.759993e-06,6.453922e-09,0.03384168
0.0028537414,0.08628299,0.0015024458,0.00017717354,0.0009117454,0.018054675,0.00052067876,0.088508174,0.025012046,0.06601253,0.46687263,0.0015094718,0.015585007,0.27993265,0.012229047,0.1300057,0.016295314,0.10759153,0.10339354,0.0046084896,0.00028446343,0.20849521
0.0042936374,0.10578918,0.0024748754,0.00033693222,0.0015499531,0.022570439,0.00087895145,0.109198526,0.033723816,0.08533265,0.5349603,0.0024166508,0.022230398,0.31426865,0.01686541,0.15042527,0.023240395,0.12889689,0.121724926,0.0073915273,0.0005263915,0.23770723
0.00021925152,0.02759814,7.51643e-05,3.4406382e-06,4.0113886e-05,0.0038390122,1.7034314e-05,0.029178703,0.0047242576,0.016222341,0.2237251,8.284498e-05,0.0020261074,0.15412769,0.0015288835,0.06272696,0.0023562878,0.037865333,0.040787607,0.0003239262,6.13476e-06,0.11041402
0.0004932014,0.039643485,0.00019390562,1.1933453e-05,0.00010734281,0.0063153696,5.0424725e-05,0.041389417,0.008030615,0.025079759,0.28217474,0.00020767764,0.0038210119,0.18629804,0.0029521594,0.07939679,0.004340133,0.052826058,0.055081606,0.0007432271,2.0489726e-05,0.13504212
0.042586412,0.27573252,0.035734974,0.011468434,0.028204802,0.08818153,0.017880304,0.28582114,0.15837073,0.27741873,0.7461,0.031639982,0.13909145,0.48039865,0.09606915,0.28746846,0.12074707,0.27333188,0.2492765,0.08146875,0.015888823,0.39391613
0.0022358552,0.07755538,0.0011300768,0.0001217897,0.0006750157,0.015619738,0.0003775166,0.07962607,0.021371067,0.057508446,0.4375538,0.0011441986,0.012762197,0.2646852,0.010051572,0.12158959,0.013552309,0.09772574,0.09528374,0.0035728444,0.00019698826,0.19640526
0.011042111,0.15920052,0.007407619,0.0014321691,0.0049922317,0.039212063,0.0030588403,0.16429794,0.06288465,0.14287463,0.64500254,0.0069523263,0.047937725,0.38178402,0.035487533,0.19468483,0.04604321,0.1806034,0.16577467,0.019959297,0.0021591298,0.29539174
0.0033491452,0.09285069,0.0018175064,0.00022811962,0.0011110087,0.01985253,0.0006525665,0.09527177,0.0280152,0.072403006,0.4854137,0.0018078922,0.017752647,0.29160726,0.013949399,0.13638003,0.018327786,0.11475024,0.10988478,0.0054797814,0.00036341074,0.2173916
0.00034528988,0.03363808,0.00012726916,6.878224e-06,6.920969e-05,0.005087149,3.141641e-05,0.03517148,0.006320651,0.02049433,0.25183854,0.00013808781,0.0028732533,0.17019956,0.0022180385,0.071016565,0.0032846325,0.04531249,0.04825771,0.00051177084,1.2061678e-05,0.12283843
7.725211e-05,0.017271712,2.2317217e-05,7.045118e-07,1.13392725e-05,0.0020161096,4.31354e-06,0.01850403,0.0023970671,0.009312383,0.16585034,2.5433616e-05,0.000907634,0.12170751,0.00066526467,0.04565034,0.0010767089,0.024633301,0.02764331,0.00011221056,1.337545e-06,0.0850218
9.393231e-13,5.1381076e-06,1.3861036e-14,7.2354067e-19,3.0264417e-15,1.7082423e-08,1.82827e-16,7.376567e-06,1.5297902e-08,7.8753476e-07,0.0026663332,2.5100292e-14,9.266067e-10,0.002298044,3.8687986e-10,0.00012675516,1.4513843e-09,1.7477905e-05,2.6227985e-05,1.4930846e-12,4.894566e-18,0.00088166574
0.0051692775,0.11111034,0.0029844078,0.00045489488,0.0018812511,0.0261343,0.0012316451,0.11288608,0.036916975,0.09040459,0.51958984,0.0029426406,0.025441136,0.31658754,0.02021483,0.1516458,0.024881132,0.1345706,0.12716603,0.008499886,0.0007144432,0.23377582
0.00081306405,0.049113404,0.00034496744,2.5771033e-05,0.00019481036,0.008639798,9.890948e-05,0.05080098,0.010945558,0.0326278,0.32094982,0.00036485118,0.005666393,0.20775297,0.004444652,0.09050755,0.0062461793,0.064587526,0.06566932,0.001228201,4.3447046e-05,0.15081789
0.0026265774,0.08340776,0.0013677691,0.00015649767,0.00082458387,0.017189551,0.0004672779,0.08556577,0.023785401,0.06322915,0.457022,0.0013748371,0.014575715,0.27528664,0.011454323,0.12734067,0.015400564,0.10425503,0.10072734,0.0042384826,0.00025130511,0.2049341
0.022860073,0.21513739,0.017297111,0.004389458,0.0125772,0.060197927,0.007869116,0.222811,0.10307348,0.20771857,0.7113984,0.015760304,0.08604179,0.4362855,0.061447673,0.24055967,0.07834784,0.22874074,0.20782167,0.04283236,0.0063665924,0.3461883
0.14261173,0.39476737,0.13769834,0.073845394,0.12143255,0.19150473,0.08923511,0.39364448,0.31238046,0.40911648,0.7376034,0.12364541,0.29457837,0.53442794,0.21818057,0.3742515,0.24847423,0.35810262,0.34035787,0.22622393,0.091227174,0.46095377
0.008265169,0.14213192,0.0053705964,0.0009349675,0.0035335044,0.033486817,0.0021251542,0.14705342,0.05295219,0.12350087,0.6141876,0.0050351294,0.038758893,0.36353928,0.028716333,0.18144499,0.037907086,0.16420662,0.15237543,0.014955421,0.0014283198,0.27786976
8.576773e-07,0.0023299495,1.18842344e-07,7.711332e-10,4.902149e-08,0.000115644536,1.209114e-08,0.0027412272,0.00013015227,0.0009202983,0.05637739,1.5233515e-07,3.0092047e-05,0.0467114,1.8943458e-05,0.011322579,3.7734415e-05,0.0040960605,0.0051057106,1.261312e-06,1.9792719e-09,0.028355673
6.248369e-06,0.005597819,1.1895726e-06,1.5298632e-08,5.4093715e-07,0.0004073434,1.565425e-07,0.006287173,0.0004683792,0.0025244604,0.089235164,1.4569982e-06,0.00013355199,0.0701417,8.9555164e-05,0.021032171,0.00016343477,0.008908945,0.010726891,8.991972e-06,3.441877e-08,0.04589551
5.2292646e-05,0.014419053,1.4064353e-05,3.837898e-07,7.0289434e-06,0.0015653053,2.5376978e-06,0.015623711,0.0018507183,0.007562468,0.15067036,1.6223668e-05,0.00067016203,0.11073944,0.00048340324,0.04055568,0.00079821405,0.02093118,0.023881154,7.531964e-05,7.465607e-07,0.077238515
0.57575184,0.54475945,0.56641954,0.51706624,0.46544695,0.53097284,0.50382143,0.55565387,0.54160005,0.5260465,0.51516354,0.5427462,0.4977286,0.509098,0.46912286,0.5303978,0.5390409,0.51555824,0.55803627,0.5315253,0.46463874,0.5247598
0.7106867,0.5869349,0.710193,0.6243293,0.5369122,0.66758853,0.6114957,0.64126164,0.6031855,0.53243953,0.3708038,0.6667909,0.47507176,0.45770937,0.49639848,0.61943895,0.6334842,0.5966823,0.6774451,0.5691607,0.5152036,0.5585743
0.0014948265,0.06395725,0.0007005942,6.605227e-05,0.00040351713,0.012538667,0.00022600107,0.06552407,0.016132873,0.04504417,0.378193,0.0007233776,0.009208457,0.23900644,0.007351949,0.10678878,0.009797787,0.08252186,0.08233425,0.0022944587,0.000109264496,0.17377673
2.130431e-06,0.0034250566,3.3364563e-07,2.965373e-09,1.4472474e-07,0.00020560081,3.7951672e-08,0.0038999002,0.00022712478,0.001430158,0.06803696,4.2444034e-07,5.885098e-05,0.054846093,3.8029088e-05,0.01471382,7.180635e-05,0.0057305265,0.007022989,3.0243143e-06,7.2028383e-09,0.034642693
0.042657454,0.2665613,0.034683987,0.01154652,0.027423259,0.090184346,0.019458244,0.27139744,0.15145048,0.26665905,0.7160541,0.031730965,0.1346758,0.4653902,0.09870277,0.27570865,0.11370538,0.26803085,0.24493548,0.07584918,0.016439585,0.37277353
0.03007317,0.23257422,0.022989757,0.006759806,0.01737367,0.07328493,0.012432874,0.23673709,0.11874093,0.22643562,0.69398034,0.021305867,0.10363328,0.43954486,0.077321514,0.24918513,0.08872878,0.2423979,0.22027625,0.053180918,0.009860596,0.34583244
0.008068259,0.13977854,0.005185896,0.0008938701,0.0034063645,0.032511886,0.0020300518,0.14451568,0.051738847,0.12174884,0.6134577,0.004926375,0.037361894,0.36175916,0.027768195,0.18003924,0.037189774,0.16303922,0.151382,0.014511562,0.0013573606,0.27710608
0.0014283159,0.06366619,0.0006720809,6.128694e-05,0.0003901688,0.011925069,0.00020407584,0.065952264,0.015922775,0.045083422,0.39134476,0.0006934951,0.008924263,0.23928307,0.0069504203,0.10848931,0.009883252,0.08234521,0.08152643,0.002242423,0.00010003386,0.17711313
0.004555558,0.10794568,0.002632609,0.00036940732,0.0016571962,0.023533547,0.0009672757,0.11086933,0.034877233,0.08745083,0.53564537,0.0025738166,0.02315738,0.316335,0.017799169,0.15122646,0.02388411,0.13073492,0.1233154,0.0077567915,0.0005757712,0.23822547
0.014366054,0.17702574,0.010004262,0.0021318416,0.006914013,0.045779254,0.004277904,0.18238723,0.07435249,0.16323678,0.6697916,0.009327793,0.059114043,0.39993525,0.043354604,0.20891722,0.055618487,0.19648463,0.17857811,0.026057394,0.0031862676,0.3112973
2.8136677e-11,2.3157003e-05,7.090599e-13,1.2325802e-16,1.8167079e-13,1.519608e-07,1.5580399e-14,3.1389398e-05,1.4148927e-07,4.474741e-06,0.005586189,1.1928341e-12,1.2081503e-08,0.0048110695,5.5505387e-09,0.0003821136,1.7770772e-08,6.6692664e-05,9.564347e-05,4.286764e-11,6.563166e-16,0.0020701597
0.004094359,0.10105054,0.0022833745,0.00031077844,0.0014125454,0.022609992,0.0008653339,0.10324721,0.031468123,0.07994034,0.50186616,0.0022588614,0.021144336,0.30146143,0.016547231,0.14236628,0.020996105,0.12270618,0.11727356,0.0067136115,0.0004983513,0.22491302
0.002110234,0.07601951,0.0010640718,0.0001117024,0.00063325546,0.015050932,0.0003496067,0.078156866,0.02073064,0.056111157,0.4336018,0.0010771572,0.012209127,0.26261982,0.009594203,0.1203868,0.013090747,0.095933884,0.093761556,0.0033862842,0.00018068665,0.19498554
0.00012391823,0.021295162,3.8978404e-05,1.4540723e-06,2.0057872e-05,0.002685449,8.047802e-06,0.022838715,0.0032811298,0.012021931,0.19139314,4.3633227e-05,0.001305593,0.13643904,0.00096848875,0.053301867,0.0015554182,0.030237209,0.03342138,0.00018153126,2.6739344e-06,0.09632849
3.628585e-08,0.00056336436,2.9672236e-09,6.228286e-12,1.0685213e-09,1.4977496e-05,1.8110125e-10,0.0006893336,1.597009e-05,0.00018026675,0.028382806,4.1676413e-09,2.7287829e-06,0.023097541,1.5292615e-06,0.004020715,3.5929945e-06,0.0011432753,0.0014969498,5.344169e-08,2.010592e-11,0.01278725
1.1834994e-06,0.0026759747,1.7177672e-07,1.2346787e-09,7.247712e-08,0.00014066456,1.760949e-08,0.0030877918,0.00015787718,0.0010805019,0.061238784,2.2055701e-07,3.8100236e-05,0.049102213,2.4000245e-05,0.012437072,4.7793088e-05,0.0045782975,0.005692084,1.7219971e-06,3.1068843e-09,0.030497478
2.6766742e-08,0.00048925,2.057905e-09,3.967542e-12,7.2649087e-10,1.2451996e-05,1.2364787e-10,0.000594284,1.2912433e-05,0.00015136981,0.02570751,2.934618e-09,2.1598382e-06,0.021439841,1.2190479e-06,0.0035958008,2.863279e-06,0.0010092119,0.0013323982,3.885056e-08,1.30360445e-11,0.011673012
0.0006111545,0.0433092,0.00024745197,1.6635566e-05,0.00013768759,0.0072732437,6.816165e-05,0.044791367,0.009125473,0.027853873,0.2935651,0.00026372442,0.004510499,0.1943672,0.003543751,0.08322243,0.0050170277,0.057258803,0.059366338,0.0009154118,2.8470686e-05,0.14050604
0.01859226,0.19827814,0.013589651,0.0031851153,0.009664391,0.053085204,0.0059579136,0.20523086,0.08950433,0.1878523,0.69706094,0.012475364,0.07320712,0.42182532,0.05249608,0.22705169,0.06784354,0.21464895,0.1947835,0.03464476,0.0046637277,0.3320975
0.012767509,0.16712119,0.008692771,0.001797444,0.0059102457,0.043490604,0.0038119163,0.17094453,0.068104535,0.15144093,0.6440706,0.008162972,0.053611446,0.3874288,0.040226907,0.19870709,0.049868036,0.18722363,0.17152204,0.022686452,0.0027261595,0.29833457
0.004972099,0.11225301,0.0029059544,0.0004212581,0.001847587,0.024793731,0.001093245,0.11496571,0.036854077,0.09162025,0.54384524,0.0028349063,0.024933001,0.32081148,0.019126844,0.15432687,0.025376823,0.1345846,0.12659164,0.008482488,0.0006590431,0.24248832
0.011207663,0.15924264,0.0075447555,0.0014655684,0.0050707236,0.03962333,0.0031359473,0.1647658,0.063564815,0.14348723,0.64513206,0.007086275,0.048507404,0.3824566,0.03604044,0.19577026,0.04656255,0.18179551,0.16778834,0.020119315,0.0022202537,0.29494217
0.0015720609,0.06624856,0.00074690994,7.053245e-05,0.000439155,0.012722965,0.00023728413,0.06808605,0.016936686,0.047083426,0.39372054,0.0007674537,0.00958803,0.24278809,0.0075725745,0.109563634,0.010310533,0.08445787,0.083622545,0.0024606662,0.00011610563,0.1792855
8.265626e-06,0.0063557094,1.6528206e-06,2.3364185e-08,7.6394946e-07,0.00048614788,2.2558764e-07,0.0071356166,0.0005638575,0.0029271604,0.09613658,2.0040748e-06,0.00016558645,0.07450535,0.000111567526,0.023074215,0.00020270381,0.009993016,0.011948921,1.1930061e-05,5.152521e-08,0.04933711
1.928424e-05,0.009325238,4.45306e-06,8.499267e-08,2.131055e-06,0.00083182065,6.8524673e-07,0.010287359,0.0009844467,0.0045685307,0.118709125,5.270116e-06,0.00031413234,0.09016491,0.00021872495,0.030211568,0.00038310094,0.014074004,0.0164623,2.7986862e-05,1.7582043e-07,0.061041486
7.517248e-12,1.29413165e-05,1.5379927e-13,1.6800003e-17,3.6988712e-14,6.488114e-08,2.759825e-15,1.788632e-05,5.9582696e-08,2.2896982e-06,0.0041993177,2.6713172e-13,4.4535233e-09,0.003617584,1.9693305e-09,0.00024946575,6.738119e-09,3.9675764e-05,5.781313e-05,1.1640676e-11,9.785725e-17,0.0014881918
0.00017514419,0.024654746,5.766864e-05,2.4787967e-06,3.0173742e-05,0.0033866193,1.285379e-05,0.026120437,0.0040367986,0.014243761,0.2057386,6.432378e-05,0.0016942967,0.14595804,0.0012893933,0.058326676,0.0019829113,0.0345949,0.03739244,0.00025440074,4.477439e-06,0.10311515
0.0008054874,0.04976493,0.00034661542,2.5442274e-05,0.00019569877,0.00842476,9.577736e-05,0.051782086,0.011146904,0.03316852,0.33257252,0.0003634778,0.0056461664,0.2111335,0.004373856,0.09266807,0.006411174,0.0653447,0.06651369,0.0012503475,4.2434403e-05,0.15490992
0.0023493886,0.07902988,0.0011950157,0.00013013142,0.0007146778,0.016001668,0.00039404057,0.08116118,0.021862436,0.05890919,0.44715494,0.001207552,0.01329557,0.2671212,0.010393649,0.12319351,0.014173812,0.09965074,0.09697185,0.0037535054,0.00021050197,0.19919093
2.5739809e-07,0.0013573496,2.9037903e-08,1.227856e-10,1.1469779e-08,5.29121e-05,2.3983977e-09,0.001618885,5.8473208e-05,0.00049554073,0.043855716,3.8725823e-08,1.1998407e-05,0.035503358,7.209594e-06,0.007652096,1.5495543e-05,0.0025100398,0.0031882704,3.772186e-07,3.4102654e-10,0.02097104
0.001584784,0.067235805,0.00076716515,7.268259e-05,0.000447665,0.012690812,0.00023787262,0.06952325,0.017383516,0.04839808,0.40379995,0.0007846342,0.009716029,0.24853414,0.007596801,0.11239841,0.010711606,0.0863679,0.085055135,0.0025350605,0.00011767568,0.1831559
0.0016100453,0.067423135,0.00077235716,7.2851835e-05,0.00045185583,0.012675944,0.00023682529,0.06956768,0.017251126,0.04835428,0.40799582,0.0007880988,0.009754087,0.24607237,0.007616895,0.1124643,0.010799187,0.08587819,0.08529202,0.0025585152,0.00011777177,0.18389565
0.0004015327,0.036712065,0.00015473901,8.8123625e-06,8.4395e-05,0.0055240286,3.7949096e-05,0.038624465,0.0071621374,0.022887189,0.27312002,0.0001658225,0.0032814012,0.18018505,0.0024956474,0.076702185,0.0038354048,0.049230743,0.05186966,0.00061602204,1.5127517e-05,0.13107906
0.00063954305,0.04397499,0.00026045795,1.7526912e-05,0.00014562659,0.007397908,7.073681e-05,0.045786157,0.009329167,0.02836366,0.30251515,0.0002760447,0.004676382,0.19450375,0.003644494,0.084620126,0.005238816,0.058266625,0.060716704,0.0009585114,3.0069614e-05,0.14271414
0.0011310779,0.05739926,0.00051062723,4.245464e-05,0.0002939476,0.0103344275,0.00014990185,0.05922286,0.013738612,0.039603867,0.36414352,0.00053174834,0.007362953,0.22607878,0.0057546017,0.10101233,0.008195995,0.07427372,0.074748635,0.0017546455,7.031386e-05,0.16656591
1.2259111e-05,0.0077468487,2.685852e-06,4.377001e-08,1.2505419e-06,0.0006243611,3.9296154e-07,0.008684971,0.00075803226,0.0036991197,0.10793386,3.1851312e-06,0.00022497875,0.08405416,0.00015484868,0.026772605,0.00027882203,0.011930391,0.01419328,1.81989e-05,9.285307e-08,0.055644352
0.018833619,0.19915254,0.013826604,0.003262518,0.009851601,0.053964313,0.0061465516,0.20626196,0.09017432,0.18890479,0.69538105,0.012682164,0.07433298,0.4210961,0.0533837,0.22712862,0.068340115,0.2154299,0.19546284,0.03502409,0.0048115426,0.3317498
1.5573274e-05,0.008480245,3.4887792e-06,6.168124e-08,1.6467242e-06,0.00072629505,5.226254e-07,0.009411122,0.00086247176,0.004100223,0.11252392,4.144859e-06,0.00026835105,0.08645872,0.00018543037,0.028394138,0.00032891554,0.012960976,0.015295742,2.2582219e-05,1.3007927e-07,0.05805524
0.0012141273,0.058799047,0.0005511399,4.7507176e-05,0.0003182361,0.010938714,0.00016751596,0.060673278,0.014193114,0.040682957,0.36389568,0.0005725428,0.007812066,0.22797126,0.0061296327,0.10163548,0.008495153,0.076156355,0.07612337,0.0018710383,7.879625e-05,0.16742598
0.0016031861,0.06709742,0.0007646818,7.263076e-05,0.0004516724,0.012779957,0.00023992168,0.069051646,0.017141687,0.04784755,0.40123388,0.00078546983,0.009762583,0.2438881,0.007654298,0.110936135,0.010591745,0.08536289,0.08441129,0.0025280782,0.000118699645,0.18115425
0.0012925884,0.06078628,0.0006006308,5.255436e-05,0.0003447462,0.011247509,0.00018243407,0.06278047,0.015046079,0.042483777,0.37544748,0.000617494,0.008216238,0.23403494,0.0064690374,0.104879685,0.00907228,0.078535415,0.07922495,0.0020184787,8.685821e-05,0.17241952
0.0142751625,0.17976037,0.01008108,0.0021344258,0.0069937473,0.04524277,0.0041849497,0.18724088,0.075919226,0.16672947,0.6812133,0.009285754,0.059949886,0.4049797,0.04279784,0.21369478,0.057092912,0.19885933,0.18150401,0.026798032,0.0031436367,0.3180658
7.5772195e-06,0.006087693,1.4974033e-06,2.0609422e-08,6.81331e-07,0.00046257314,2.0400115e-07,0.0068070157,0.0005326008,0.002783858,0.09251368,1.8189578e-06,0.00015550239,0.07339447,0.00010516799,0.022279043,0.00018986654,0.009626563,0.011604908,1.0867906e-05,4.596096e-08,0.04803548
0.006939203,0.13129325,0.0042952993,0.0006935912,0.0028077571,0.02971555,0.0016265785,0.13553718,0.046086732,0.111409895,0.5994608,0.004095086,0.03308003,0.3457705,0.024557034,0.17227206,0.033010468,0.15288046,0.14220831,0.012295643,0.0010638138,0.2666391
0.00026989568,0.030255895,9.6056785e-05,4.69935e-06,5.1693358e-05,0.0043365783,2.2213535e-05,0.03186319,0.0054156254,0.018125404,0.23954733,0.00010469952,0.0023783513,0.1612129,0.0018088269,0.06679127,0.0027835341,0.041109953,0.044287276,0.0004002969,8.307978e-06,0.116649434
0.0024813805,0.0826655,0.0012931691,0.00014390553,0.00077965617,0.016383665,0.00042204454,0.08536023,0.0232494,0.062477745,0.4640341,0.0012981385,0.014076342,0.27569908,0.010822414,0.12821628,0.015224889,0.103499174,0.09971168,0.0040961425,0.00022839363,0.206541
0.0012409763,0.05977651,0.00057165645,4.9299553e-05,0.0003293134,0.010954528,0.00017200595,0.061835457,0.014630938,0.0416662,0.37262484,0.00059053645,0.007942926,0.2311994,0.0062337285,0.1037236,0.00879581,0.077259146,0.077812366,0.0019368365,8.1340266e-05,0.17081878
0.008167752,0.13991018,0.0052198977,0.0008992326,0.0034219592,0.032826398,0.0020501902,0.14430073,0.051412906,0.12142696,0.6129259,0.004949872,0.037520643,0.3591248,0.028086852,0.17903103,0.037002735,0.16219792,0.15065768,0.014518771,0.0013751319,0.2761309
