species,antibiotic,auc,n_obs,n_pos,n_neg,test_micro_auc_species,test_macro_auc_species
Citrobacter_Koseri,5-Fluorocytosine,,0,0,0,0.9487764563449919,0.5375369589343338
Citrobacter_Koseri,Amikacin,0.33333333333333337,160,1,159,0.9487764563449919,0.5375369589343338
Citrobacter_Koseri,Amoxicillin,,0,0,0,0.9487764563449919,0.5375369589343338
Citrobacter_Koseri,Amoxicillin-Clavulanic acid,0.6023706896551724,124,8,116,0.9487764563449919,0.5375369589343338
Citrobacter_Koseri,Amoxicillin-Clavulanic acid_uncomplicated_HWI,,0,0,0,0.9487764563449919,0.5375369589343338
Citrobacter_Koseri,Amphotericin B,,0,0,0,0.9487764563449919,0.5375369589343338
Citrobacter_Koseri,Ampicillin,,72,72,0,0.9487764563449919,0.5375369589343338
Citrobacter_Koseri,Ampicillin-Sulbactam,,0,0,0,0.9487764563449919,0.5375369589343338
Citrobacter_Koseri,Anidulafungin,,0,0,0,0.9487764563449919,0.5375369589343338
Citrobacter_Koseri,Azithromycin,,0,0,0,0.9487764563449919,0.5375369589343338
Citrobacter_Koseri,Aztreonam,,43,0,43,0.9487764563449919,0.5375369589343338
Citrobacter_Koseri,Bacitracin,,0,0,0,0.9487764563449919,0.5375369589343338
Citrobacter_Koseri,Benzylpenicillin,,0,0,0,0.9487764563449919,0.5375369589343338
Citrobacter_Koseri,Benzylpenicillin_others,,0,0,0,0.9487764563449919,0.5375369589343338
Citrobacter_Koseri,Benzylpenicillin_with_meningitis,,0,0,0,0.9487764563449919,0.5375369589343338
Citrobacter_Koseri,Benzylpenicillin_with_pneumonia,,0,0,0,0.9487764563449919,0.5375369589343338
Citrobacter_Koseri,Caspofungin,,0,0,0,0.9487764563449919,0.5375369589343338
Citrobacter_Koseri,Cefalotin-Cefazolin,,0,0,0,0.9487764563449919,0.5375369589343338
Citrobacter_Koseri,Cefazolin,,0,0,0,0.9487764563449919,0.5375369589343338
Citrobacter_Koseri,Cefepime,0.569620253164557,160,2,158,0.9487764563449919,0.5375369589343338
Citrobacter_Koseri,Cefixime,0.7619047619047619,43,1,42,0.9487764563449919,0.5375369589343338
Citrobacter_Koseri,Cefotaxime,0.8333333333333334,43,1,42,0.9487764563449919,0.5375369589343338
Citrobacter_Koseri,Cefoxitin,0.125,9,1,8,0.9487764563449919,0.5375369589343338
Citrobacter_Koseri,Cefoxitin_screen,,0,0,0,0.9487764563449919,0.5375369589343338
Citrobacter_Koseri,Cefpodoxime,0.4967532467532467,67,11,56,0.9487764563449919,0.5375369589343338
Citrobacter_Koseri,Ceftarolin,,0,0,0,0.9487764563449919,0.5375369589343338
Citrobacter_Koseri,Ceftazidime,0.748015873015873,171,3,168,0.9487764563449919,0.5375369589343338
Citrobacter_Koseri,Ceftazidime-Avibactam,,0,0,0,0.9487764563449919,0.5375369589343338
Citrobacter_Koseri,Ceftobiprole,,0,0,0,0.9487764563449919,0.5375369589343338
Citrobacter_Koseri,Ceftolozane-Tazobactam,,0,0,0,0.9487764563449919,0.5375369589343338
Citrobacter_Koseri,Ceftriaxone,0.753968253968254,128,2,126,0.9487764563449919,0.5375369589343338
Citrobacter_Koseri,Cefuroxime,0.42391304347826086,31,8,23,0.9487764563449919,0.5375369589343338
Citrobacter_Koseri,Cefuroxime.1,,0,0,0,0.9487764563449919,0.5375369589343338
Citrobacter_Koseri,Chloramphenicol,,7,0,7,0.9487764563449919,0.5375369589343338
Citrobacter_Koseri,Ciprofloxacin,0.44082840236686394,171,2,169,0.9487764563449919,0.5375369589343338
Citrobacter_Koseri,Clarithromycin,,0,0,0,0.9487764563449919,0.5375369589343338
Citrobacter_Koseri,Clindamycin,,0,0,0,0.9487764563449919,0.5375369589343338
Citrobacter_Koseri,Clindamycin_induced,,0,0,0,0.9487764563449919,0.5375369589343338
Citrobacter_Koseri,Colistin,,142,0,142,0.9487764563449919,0.5375369589343338
Citrobacter_Koseri,Cotrimoxazol,,8,0,8,0.9487764563449919,0.5375369589343338
Citrobacter_Koseri,Cotrimoxazole,,120,0,120,0.9487764563449919,0.5375369589343338
Citrobacter_Koseri,Daptomycin,,0,0,0,0.9487764563449919,0.5375369589343338
Citrobacter_Koseri,Doxycycline,,0,0,0,0.9487764563449919,0.5375369589343338
Citrobacter_Koseri,Ertapenem,,150,0,150,0.9487764563449919,0.5375369589343338
Citrobacter_Koseri,Erythromycin,,0,0,0,0.9487764563449919,0.5375369589343338
Citrobacter_Koseri,Ethambutol_5mg-l,,0,0,0,0.9487764563449919,0.5375369589343338
Citrobacter_Koseri,Fluconazole,,0,0,0,0.9487764563449919,0.5375369589343338
Citrobacter_Koseri,Fosfomycin,,62,0,62,0.9487764563449919,0.5375369589343338
Citrobacter_Koseri,Fusidic acid,,0,0,0,0.9487764563449919,0.5375369589343338
Citrobacter_Koseri,Gentamicin,,72,0,72,0.9487764563449919,0.5375369589343338
Citrobacter_Koseri,Gentamicin_high_level,,0,0,0,0.9487764563449919,0.5375369589343338
Citrobacter_Koseri,Imipenem,,160,0,160,0.9487764563449919,0.5375369589343338
Citrobacter_Koseri,Isavuconazole,,0,0,0,0.9487764563449919,0.5375369589343338
Citrobacter_Koseri,Isoniazid_.1mg-l,,0,0,0,0.9487764563449919,0.5375369589343338
Citrobacter_Koseri,Isoniazid_.4mg-l,,0,0,0,0.9487764563449919,0.5375369589343338
Citrobacter_Koseri,Itraconazole,,0,0,0,0.9487764563449919,0.5375369589343338
Citrobacter_Koseri,Levofloxacin,0.276595744680851,142,1,141,0.9487764563449919,0.5375369589343338
Citrobacter_Koseri,Linezolid,,0,0,0,0.9487764563449919,0.5375369589343338
Citrobacter_Koseri,MRSA,,0,0,0,0.9487764563449919,0.5375369589343338
Citrobacter_Koseri,Meropenem,,150,0,150,0.9487764563449919,0.5375369589343338
Citrobacter_Koseri,Meropenem-Vaborbactam,,0,0,0,0.9487764563449919,0.5375369589343338
Citrobacter_Koseri,Meropenem_with_meningitis,,0,0,0,0.9487764563449919,0.5375369589343338
Citrobacter_Koseri,Meropenem_with_pneumonia,,0,0,0,0.9487764563449919,0.5375369589343338
Citrobacter_Koseri,Meropenem_without_meningitis,,0,0,0,0.9487764563449919,0.5375369589343338
Citrobacter_Koseri,Metronidazole,,0,0,0,0.9487764563449919,0.5375369589343338
Citrobacter_Koseri,Micafungin,,0,0,0,0.9487764563449919,0.5375369589343338
Citrobacter_Koseri,Minocycline,,0,0,0,0.9487764563449919,0.5375369589343338
Citrobacter_Koseri,Moxifloxacin,,0,0,0,0.9487764563449919,0.5375369589343338
Citrobacter_Koseri,Mupirocin,,0,0,0,0.9487764563449919,0.5375369589343338
Citrobacter_Koseri,Nitrofurantoin,,21,0,21,0.9487764563449919,0.5375369589343338
Citrobacter_Koseri,Norfloxacin,0.4666666666666667,122,2,120,0.9487764563449919,0.5375369589343338
Citrobacter_Koseri,Novobiocin,,0,0,0,0.9487764563449919,0.5375369589343338
Citrobacter_Koseri,Ofloxacin,,0,0,0,0.9487764563449919,0.5375369589343338
Citrobacter_Koseri,Oxacillin,,0,0,0,0.9487764563449919,0.5375369589343338
Citrobacter_Koseri,Pefloxacin,,0,0,0,0.9487764563449919,0.5375369589343338
Citrobacter_Koseri,Penicillin,,0,0,0,0.9487764563449919,0.5375369589343338
Citrobacter_Koseri,Penicillin_with_endokarditis,,0,0,0,0.9487764563449919,0.5375369589343338
Citrobacter_Koseri,Penicillin_with_meningitis,,0,0,0,0.9487764563449919,0.5375369589343338
Citrobacter_Koseri,Penicillin_with_other_infections,,0,0,0,0.9487764563449919,0.5375369589343338
Citrobacter_Koseri,Penicillin_with_pneumonia,,0,0,0,0.9487764563449919,0.5375369589343338
Citrobacter_Koseri,Penicillin_without_endokarditis,,0,0,0,0.9487764563449919,0.5375369589343338
Citrobacter_Koseri,Penicillin_without_meningitis,,0,0,0,0.9487764563449919,0.5375369589343338
Citrobacter_Koseri,Piperacillin,,10,10,0,0.9487764563449919,0.5375369589343338
Citrobacter_Koseri,Piperacillin-Tazobactam,0.6380952380952382,112,7,105,0.9487764563449919,0.5375369589343338
Citrobacter_Koseri,Polymyxin B,,21,0,21,0.9487764563449919,0.5375369589343338
Citrobacter_Koseri,Posaconazole,,0,0,0,0.9487764563449919,0.5375369589343338
Citrobacter_Koseri,Pristinamycin,,0,0,0,0.9487764563449919,0.5375369589343338
Citrobacter_Koseri,Pyrazinamide,,0,0,0,0.9487764563449919,0.5375369589343338
Citrobacter_Koseri,Rifampicin,,0,0,0,0.9487764563449919,0.5375369589343338
Citrobacter_Koseri,Rifampicin_1mg-l,,0,0,0,0.9487764563449919,0.5375369589343338
Citrobacter_Koseri,Sparfloxacin,,0,0,0,0.9487764563449919,0.5375369589343338
Citrobacter_Koseri,Strepomycin_high_level,,0,0,0,0.9487764563449919,0.5375369589343338
Citrobacter_Koseri,Streptomycin,,0,0,0,0.9487764563449919,0.5375369589343338
Citrobacter_Koseri,Teicoplanin,,0,0,0,0.9487764563449919,0.5375369589343338
Citrobacter_Koseri,Teicoplanin_GRD,,0,0,0,0.9487764563449919,0.5375369589343338
Citrobacter_Koseri,Telithromycin,,0,0,0,0.9487764563449919,0.5375369589343338
Citrobacter_Koseri,Tetracycline,,0,0,0,0.9487764563449919,0.5375369589343338
Citrobacter_Koseri,Ticarcillin,,43,43,0,0.9487764563449919,0.5375369589343338
Citrobacter_Koseri,Ticarcillin-Clavulan acid,,0,0,0,0.9487764563449919,0.5375369589343338
Citrobacter_Koseri,Tigecycline,0.6904761904761905,43,42,1,0.9487764563449919,0.5375369589343338
Citrobacter_Koseri,Tobramycin,0.43971631205673756,142,1,141,0.9487764563449919,0.5375369589343338
Citrobacter_Koseri,Vancomycin,,0,0,0,0.9487764563449919,0.5375369589343338
Citrobacter_Koseri,Vancomycin_GRD,,0,0,0,0.9487764563449919,0.5375369589343338
Citrobacter_Koseri,Voriconazole,,0,0,0,0.9487764563449919,0.5375369589343338
