model_mode,species,mean_species_micro_auc,std_species_micro_auc,mean_species_macro_antibiotic_auc,std_species_macro_antibiotic_auc,mean_n_val_pairs,mean_n_antibiotics_with_auc,n_folds
implicit_species_hypernetwork_no_enrichment,Campylobacter_Jejuni,0.9158579232889045,0.03126162221095331,0.7628745777897185,0.14281272426635128,223.6,3.4,5
implicit_species_hypernetwork_no_enrichment,Candida_Albicans,0.8399766718410993,0.039827027470588215,0.7592874896576444,0.05924430200581887,471.8,7.8,5
implicit_species_hypernetwork_no_enrichment,Citrobacter_Freundii,0.8876547069662616,0.01894862128281587,0.6136346716635438,0.04417223640106755,2086.8,21.8,5
implicit_species_hypernetwork_no_enrichment,Citrobacter_Koseri,0.96035704273227,0.015372280834855926,0.6929184793366783,0.07767596729186181,2728.4,18.6,5
implicit_species_hypernetwork_no_enrichment,Enterobacter_Cloacae,0.9065794852547684,0.013205567867174315,0.6820969967564114,0.053908916270409876,4775.4,23.4,5
implicit_species_hypernetwork_no_enrichment,Enterococcus_Faecalis,0.9873467191518154,0.0013653694393245752,0.6956273139842906,0.03588642372338039,14333.8,20.6,5
implicit_species_hypernetwork_no_enrichment,Enterococcus_Faecium,0.9761461688941686,0.0030033925335244643,0.8137720815076653,0.017147861779666797,4839.4,22.2,5
implicit_species_hypernetwork_no_enrichment,Escherichia_Coli,0.859825400099961,0.004384881471460658,0.6913874275199821,0.032027874685411045,24566.2,30.0,5
implicit_species_hypernetwork_no_enrichment,Haemophilus_Influenzae,0.8480126168324664,0.020325075164346878,0.6909201043368074,0.0706603943317998,542.4,10.0,5
implicit_species_hypernetwork_no_enrichment,Klebsiella_Oxytoca,0.9395902488205262,0.011050230866516159,0.7322987585365826,0.039853879768880794,4096.8,22.0,5
implicit_species_hypernetwork_no_enrichment,Klebsiella_Pneumoniae,0.8745086817656851,0.005784731061987347,0.7326382729528744,0.0223341608708281,68138.8,32.8,5
implicit_species_hypernetwork_no_enrichment,Klebsiella_Variicola,0.9330082154913496,0.029444433262418874,0.7519552154507748,0.12166473236330037,2105.2,14.6,5
implicit_species_hypernetwork_no_enrichment,Morganella_Morganii,0.9320427877173756,0.00940607734091358,0.6385384709041799,0.060465027948439554,2667.4,21.6,5
implicit_species_hypernetwork_no_enrichment,Proteus_Mirabilis,0.9183198834932476,0.0050191711274681075,0.7226898987476584,0.03633407381469543,8607.6,27.2,5
implicit_species_hypernetwork_no_enrichment,Proteus_Vulgaris,0.978701737526829,0.011777470689337911,0.667663608475477,0.15720461537690467,1294.8,11.8,5
implicit_species_hypernetwork_no_enrichment,Pseudomonas_Aeruginosa,0.948627884634103,0.004932275638911645,0.774112551345229,0.043765004846212104,12675.2,16.6,5
implicit_species_hypernetwork_no_enrichment,Serratia_Marcescens,0.9723708373456346,0.004254454422336851,0.6923052551467114,0.06210901711292523,3938.4,19.2,5
implicit_species_hypernetwork_no_enrichment,Staphylococcus_Aureus,0.9285288822159735,0.0035481949252605576,0.7605688712802896,0.016823273979765945,28443.4,33.6,5
implicit_species_hypernetwork_no_enrichment,Staphylococcus_Capitis,0.9317134380053231,0.021984782639518436,0.8281686416927743,0.05707000887124383,1734.4,21.4,5
implicit_species_hypernetwork_no_enrichment,Staphylococcus_Epidermidis,0.9298969087263422,0.0028911126172984796,0.805643514986019,0.01193277654399249,23216.8,33.0,5
implicit_species_hypernetwork_no_enrichment,Staphylococcus_Haemolyticus,0.9354698031089512,0.018295117105892086,0.8575212251198941,0.01786020662023141,1303.0,24.2,5
implicit_species_hypernetwork_no_enrichment,Staphylococcus_Hominis,0.8727295214291916,0.026674981286786144,0.7259489084289663,0.03397477510162378,3265.0,22.8,5
implicit_species_hypernetwork_no_enrichment,Staphylococcus_Lugdunensis,0.9172865273542652,0.03043160956254758,0.7093047121947619,0.11353383929241705,1950.0,18.8,5
implicit_species_hypernetwork_no_enrichment,Stenotrophomonas_Maltophilia,0.9787188632559412,0.006549176964409309,0.7423202773824666,0.08232113112862006,761.6,6.4,5
implicit_species_hypernetwork_no_enrichment,Streptococcus_Pneumoniae,0.8476768810708929,0.026675677923341825,0.7492129781061475,0.02128680685056622,1041.2,23.8,5
species_multihead_no_enrichment,Campylobacter_Jejuni,0.9082564438467102,0.031168767278215555,0.6828270891521229,0.18095890573059736,223.6,3.4,5
species_multihead_no_enrichment,Candida_Albicans,0.8080125124269607,0.04499196075220406,0.6551477523196219,0.052827088551031465,471.8,7.8,5
species_multihead_no_enrichment,Citrobacter_Freundii,0.8811605808717913,0.025124970523799858,0.6213828607203831,0.0421486095936396,2086.8,21.8,5
species_multihead_no_enrichment,Citrobacter_Koseri,0.9633615631917909,0.015486995141283221,0.7139904135177106,0.07725434893718165,2728.4,18.6,5
species_multihead_no_enrichment,Enterobacter_Cloacae,0.9034878225576655,0.012541326388415595,0.6456372080329768,0.04904385688074644,4775.4,23.4,5
species_multihead_no_enrichment,Enterococcus_Faecalis,0.9876670147585118,0.0009804787415935146,0.696291405075672,0.03870423881594563,14333.8,20.6,5
species_multihead_no_enrichment,Enterococcus_Faecium,0.9753363554059907,0.002983614776266749,0.8037400568061173,0.03333857486514902,4839.4,22.2,5
species_multihead_no_enrichment,Escherichia_Coli,0.8634736790747131,0.007085737966428405,0.685102756797292,0.01311605942130729,24566.2,30.0,5
species_multihead_no_enrichment,Haemophilus_Influenzae,0.8398529080149142,0.016458368183885446,0.6743161329779481,0.039604258706909014,542.4,10.0,5
species_multihead_no_enrichment,Klebsiella_Oxytoca,0.9321690027767502,0.013112314054004587,0.6925552855881026,0.04812675951010516,4096.8,22.0,5
species_multihead_no_enrichment,Klebsiella_Pneumoniae,0.8744020356361082,0.0046323377400723665,0.733825808901045,0.013255813818150327,68138.8,32.8,5
species_multihead_no_enrichment,Klebsiella_Variicola,0.9354038816365222,0.01908145583412456,0.7712341888409522,0.08374542564621287,2105.2,14.6,5
species_multihead_no_enrichment,Morganella_Morganii,0.9360107103111716,0.011290533131985426,0.6372517333731456,0.06737476898054826,2667.4,21.6,5
species_multihead_no_enrichment,Proteus_Mirabilis,0.9170315308194417,0.005470733272155535,0.7152286868309904,0.020245947163395766,8607.6,27.2,5
species_multihead_no_enrichment,Proteus_Vulgaris,0.9786885665151349,0.009889379089442532,0.7174882394532106,0.06680043020286036,1294.8,11.8,5
species_multihead_no_enrichment,Pseudomonas_Aeruginosa,0.9488981046104144,0.003978115329477193,0.771393777610254,0.033083599121434874,12675.2,16.6,5
species_multihead_no_enrichment,Serratia_Marcescens,0.9701902433196032,0.0018043810228153695,0.6586220172099463,0.06941975240362507,3938.4,19.2,5
species_multihead_no_enrichment,Staphylococcus_Aureus,0.9288953223887505,0.00503912829408917,0.7641749767389208,0.016972646641017688,28443.4,33.6,5
species_multihead_no_enrichment,Staphylococcus_Capitis,0.9241932049942662,0.037442111925866176,0.8002537008981584,0.06132357056468596,1734.4,21.4,5
species_multihead_no_enrichment,Staphylococcus_Epidermidis,0.9293523219640478,0.0023071296771820966,0.8089776861720825,0.014970277600293298,23216.8,33.0,5
species_multihead_no_enrichment,Staphylococcus_Haemolyticus,0.935706698848772,0.0103768956298843,0.8571992300383695,0.026214679076190895,1303.0,24.2,5
species_multihead_no_enrichment,Staphylococcus_Hominis,0.8717146421365098,0.02731298792878503,0.7379502162215628,0.038759077584887745,3265.0,22.8,5
species_multihead_no_enrichment,Staphylococcus_Lugdunensis,0.9113515844092943,0.03456383361082871,0.6965779954444914,0.06952370632855634,1950.0,18.8,5
species_multihead_no_enrichment,Stenotrophomonas_Maltophilia,0.9785805374447962,0.0036455573957143036,0.7146430396249334,0.027896698090807852,761.6,6.4,5
species_multihead_no_enrichment,Streptococcus_Pneumoniae,0.8512895449675313,0.010849075111268728,0.765877001626981,0.05152840480762375,1041.2,23.8,5
