model_mode,fold,species_id,species,n_val_samples,n_val_pairs,species_micro_auc,species_macro_antibiotic_auc,n_antibiotics_with_auc,mean_pairs_per_antibiotic_with_auc
species_multihead_no_enrichment,0,0,Campylobacter_Jejuni,81,190,0.8843005952380952,0.6660958581648236,3,57.333333333333336
species_multihead_no_enrichment,0,1,Candida_Albicans,53,403,0.8389523809523809,0.707700891672165,8,50.375
species_multihead_no_enrichment,0,2,Citrobacter_Freundii,131,2099,0.8846859116677372,0.6367826426320571,23,79.0
species_multihead_no_enrichment,0,3,Citrobacter_Koseri,160,2567,0.9419742805128404,0.6569037155119001,17,101.70588235294117
species_multihead_no_enrichment,0,4,Enterobacter_Cloacae,345,5131,0.8893380491914681,0.6167541313317155,24,189.125
species_multihead_no_enrichment,0,5,Enterococcus_Faecalis,925,14081,0.9885879041973643,0.6924118664406643,21,534.8095238095239
species_multihead_no_enrichment,0,6,Enterococcus_Faecium,465,5028,0.9747590793448072,0.8100947617240312,21,198.47619047619048
species_multihead_no_enrichment,0,7,Escherichia_Coli,1533,24374,0.865684426508512,0.6961089182591896,30,805.5666666666667
species_multihead_no_enrichment,0,8,Haemophilus_Influenzae,170,579,0.8541604197901049,0.7200230020610893,12,37.916666666666664
species_multihead_no_enrichment,0,9,Klebsiella_Oxytoca,238,3941,0.910318283398253,0.6269551401821322,22,129.04545454545453
species_multihead_no_enrichment,0,10,Klebsiella_Pneumoniae,3850,68001,0.8767973005260689,0.7441959131741351,30,2220.1666666666665
species_multihead_no_enrichment,0,11,Klebsiella_Variicola,147,2349,0.9486465690893844,0.8041163489659356,15,107.4
species_multihead_no_enrichment,0,12,Morganella_Morganii,158,2619,0.9203103098451937,0.5741799890841085,21,89.57142857142857
species_multihead_no_enrichment,0,13,Proteus_Mirabilis,473,8711,0.9157460150402162,0.6987877464227626,30,275.2
species_multihead_no_enrichment,0,14,Proteus_Vulgaris,86,1274,0.9904218668005202,0.8153545067756378,8,62.25
species_multihead_no_enrichment,0,15,Pseudomonas_Aeruginosa,1090,12698,0.9501765374934397,0.7763427643403289,16,655.875
species_multihead_no_enrichment,0,16,Serratia_Marcescens,245,3807,0.9731174273640651,0.7380862208582233,19,137.47368421052633
species_multihead_no_enrichment,0,17,Staphylococcus_Aureus,1413,27955,0.9369603789061562,0.7623358199827882,32,750.53125
species_multihead_no_enrichment,0,18,Staphylococcus_Capitis,89,1827,0.9396765009081538,0.8607271461753686,21,66.28571428571429
species_multihead_no_enrichment,0,19,Staphylococcus_Epidermidis,1128,22712,0.9282964667494927,0.7860732844959957,31,687.483870967742
species_multihead_no_enrichment,0,20,Staphylococcus_Haemolyticus,55,1205,0.9430507043652436,0.8572894531169157,25,40.6
species_multihead_no_enrichment,0,21,Staphylococcus_Hominis,174,3715,0.8873272168344958,0.7403357695297669,24,123.91666666666667
species_multihead_no_enrichment,0,22,Staphylococcus_Lugdunensis,104,2135,0.8891372228916443,0.7084980592982297,18,71.55555555555556
species_multihead_no_enrichment,0,23,Stenotrophomonas_Maltophilia,131,609,0.9834202079100038,0.7276333354055391,7,38.714285714285715
species_multihead_no_enrichment,0,24,Streptococcus_Pneumoniae,123,1304,0.8685422282120396,0.7035167819643126,23,46.391304347826086
species_multihead_no_enrichment,1,0,Campylobacter_Jejuni,93,222,0.9219453893536821,0.6767195767195767,3,65.66666666666667
species_multihead_no_enrichment,1,1,Candida_Albicans,74,587,0.8037935748462063,0.6990978289694555,8,73.375
species_multihead_no_enrichment,1,2,Citrobacter_Freundii,133,2208,0.8443981734572467,0.556614605225185,21,77.52380952380952
species_multihead_no_enrichment,1,3,Citrobacter_Koseri,165,2677,0.9737758451208743,0.6922325198416683,16,94.875
species_multihead_no_enrichment,1,4,Enterobacter_Cloacae,311,4634,0.907229719806848,0.6877826557736043,23,154.0
species_multihead_no_enrichment,1,5,Enterococcus_Faecalis,895,14085,0.9861784291630054,0.6705059744795332,22,515.7727272727273
species_multihead_no_enrichment,1,6,Enterococcus_Faecium,428,4553,0.980305449139636,0.8131801611327978,23,166.1304347826087
species_multihead_no_enrichment,1,7,Escherichia_Coli,1578,25297,0.8659960741094173,0.6946612595290069,29,817.7241379310345
species_multihead_no_enrichment,1,8,Haemophilus_Influenzae,166,532,0.8258525211308657,0.6307457634043843,7,42.42857142857143
species_multihead_no_enrichment,1,9,Klebsiella_Oxytoca,251,4169,0.9325050393083703,0.6729000579321313,24,136.54166666666666
species_multihead_no_enrichment,1,10,Klebsiella_Pneumoniae,3838,67924,0.8775093355199087,0.728076892504159,37,1818.2702702702702
species_multihead_no_enrichment,1,11,Klebsiella_Variicola,112,1766,0.9129598836000832,0.670176524248625,12,83.66666666666667
species_multihead_no_enrichment,1,12,Morganella_Morganii,166,2727,0.948107577054123,0.6827886407193139,21,100.28571428571429
species_multihead_no_enrichment,1,13,Proteus_Mirabilis,482,8700,0.9190229621617474,0.7135239555742782,24,277.2916666666667
species_multihead_no_enrichment,1,14,Proteus_Vulgaris,93,1370,0.9792494367651762,0.6596016603582932,12,46.583333333333336
species_multihead_no_enrichment,1,15,Pseudomonas_Aeruginosa,1109,13027,0.9420522974411546,0.7840602367015234,15,693.4666666666667
species_multihead_no_enrichment,1,16,Serratia_Marcescens,244,3880,0.9691351905545765,0.647474559798629,19,140.94736842105263
species_multihead_no_enrichment,1,17,Staphylococcus_Aureus,1488,29631,0.9234283561289997,0.7367268608737034,36,750.8611111111111
species_multihead_no_enrichment,1,18,Staphylococcus_Capitis,90,1799,0.9586316594303814,0.8610470761474254,20,67.2
species_multihead_no_enrichment,1,19,Staphylococcus_Epidermidis,1137,23116,0.9326393392296417,0.8088910541013369,33,661.969696969697
species_multihead_no_enrichment,1,20,Staphylococcus_Haemolyticus,56,1236,0.9308003421438905,0.8551392247732296,24,41.125
species_multihead_no_enrichment,1,21,Staphylococcus_Hominis,149,3117,0.8876339871730411,0.7764313288600154,22,108.04545454545455
species_multihead_no_enrichment,1,22,Staphylococcus_Lugdunensis,89,1763,0.9254693383909184,0.591069366927346,21,52.38095238095238
species_multihead_no_enrichment,1,23,Stenotrophomonas_Maltophilia,122,740,0.9741709330750425,0.6899405077679407,6,49.333333333333336
species_multihead_no_enrichment,1,24,Streptococcus_Pneumoniae,98,921,0.8480603795469923,0.8384283017402013,28,28.857142857142858
species_multihead_no_enrichment,2,0,Campylobacter_Jejuni,100,229,0.916067809102635,0.7179282213091934,3,69.66666666666667
species_multihead_no_enrichment,2,1,Candida_Albicans,64,487,0.8466159391269523,0.6028520595538812,8,60.875
species_multihead_no_enrichment,2,2,Citrobacter_Freundii,115,1855,0.9144587380764855,0.6681692108575897,23,70.34782608695652
species_multihead_no_enrichment,2,3,Citrobacter_Koseri,171,2732,0.9534349404563551,0.8042274904378873,23,103.08695652173913
species_multihead_no_enrichment,2,4,Enterobacter_Cloacae,324,4816,0.9216452490972469,0.6621367524865893,22,176.63636363636363
species_multihead_no_enrichment,2,5,Enterococcus_Faecalis,981,14954,0.9879200866049539,0.7398941458691616,18,521.7222222222222
species_multihead_no_enrichment,2,6,Enterococcus_Faecium,462,4954,0.9738442908760077,0.777435603699149,23,179.2608695652174
species_multihead_no_enrichment,2,7,Escherichia_Coli,1539,24279,0.8626957962445191,0.679986160752182,30,802.8666666666667
species_multihead_no_enrichment,2,8,Haemophilus_Influenzae,152,452,0.8214548802946593,0.6425914634945181,7,44.42857142857143
species_multihead_no_enrichment,2,9,Klebsiella_Oxytoca,243,4043,0.9392428720445062,0.6848324995950653,19,145.3684210526316
species_multihead_no_enrichment,2,10,Klebsiella_Pneumoniae,3813,67329,0.8746981755132421,0.7308465010342721,30,2198.6
species_multihead_no_enrichment,2,11,Klebsiella_Variicola,141,2205,0.9605016408813877,0.8937782196001961,18,83.83333333333333
species_multihead_no_enrichment,2,12,Morganella_Morganii,159,2628,0.9453391435530311,0.7325055643245184,21,89.0
species_multihead_no_enrichment,2,13,Proteus_Mirabilis,465,8526,0.910165373338878,0.6966723398809179,28,280.5357142857143
species_multihead_no_enrichment,2,14,Proteus_Vulgaris,110,1667,0.9777406326438632,0.7531378726694923,17,65.3529411764706
species_multihead_no_enrichment,2,15,Pseudomonas_Aeruginosa,1018,12053,0.9520937301893213,0.7789707551483929,17,584.3529411764706
species_multihead_no_enrichment,2,16,Serratia_Marcescens,244,3890,0.9685800480362281,0.6649905990193405,20,145.0
species_multihead_no_enrichment,2,17,Staphylococcus_Aureus,1454,28377,0.9274346099500034,0.7666800197969919,35,717.5428571428571
species_multihead_no_enrichment,2,18,Staphylococcus_Capitis,78,1703,0.861068681616293,0.7168399003416911,20,61.55
species_multihead_no_enrichment,2,19,Staphylococcus_Epidermidis,1169,23774,0.9263551829042956,0.8061936596139025,33,678.030303030303
species_multihead_no_enrichment,2,20,Staphylococcus_Haemolyticus,60,1334,0.940268162201043,0.8753343925783978,24,44.125
species_multihead_no_enrichment,2,21,Staphylococcus_Hominis,172,3606,0.8929250929753714,0.7750374869909394,24,121.29166666666667
species_multihead_no_enrichment,2,22,Staphylococcus_Lugdunensis,90,1820,0.9592012291416123,0.7748445849107412,16,52.0625
species_multihead_no_enrichment,2,23,Stenotrophomonas_Maltophilia,130,722,0.9806410256410255,0.7556354275717022,6,50.333333333333336
species_multihead_no_enrichment,2,24,Streptococcus_Pneumoniae,112,1223,0.8543639768864114,0.7607569975623063,23,44.608695652173914
species_multihead_no_enrichment,3,0,Campylobacter_Jejuni,97,258,0.8703647416413374,0.42237327104850186,5,50.6
species_multihead_no_enrichment,3,1,Candida_Albicans,58,381,0.8171724021020511,0.6701746479037584,7,54.42857142857143
species_multihead_no_enrichment,3,2,Citrobacter_Freundii,136,2168,0.8862478956228956,0.6381923746856712,22,86.13636363636364
species_multihead_no_enrichment,3,3,Citrobacter_Koseri,181,2902,0.9799992653540994,0.7855373462649077,20,105.5
species_multihead_no_enrichment,3,4,Enterobacter_Cloacae,303,4464,0.9048666977234369,0.6868615438508442,25,158.76
species_multihead_no_enrichment,3,5,Enterococcus_Faecalis,896,13774,0.9884022067581261,0.7300275768148624,20,550.7
species_multihead_no_enrichment,3,6,Enterococcus_Faecium,444,4866,0.9724456201250283,0.7667503886140318,22,193.54545454545453
species_multihead_no_enrichment,3,7,Escherichia_Coli,1556,24761,0.8710132365524351,0.6645311055407329,31,792.1290322580645
species_multihead_no_enrichment,3,8,Haemophilus_Influenzae,203,679,0.8584027794650015,0.7096322754847858,12,46.916666666666664
species_multihead_no_enrichment,3,9,Klebsiella_Oxytoca,256,4222,0.9341047105841459,0.7292228983676788,23,150.56521739130434
species_multihead_no_enrichment,3,10,Klebsiella_Pneumoniae,3850,68131,0.866328641435566,0.7496189162238927,31,2175.8064516129034
species_multihead_no_enrichment,3,11,Klebsiella_Variicola,135,2144,0.9307006495270553,0.7555453473710886,13,93.46153846153847
species_multihead_no_enrichment,3,12,Morganella_Morganii,156,2560,0.9305347485629893,0.5959052907870479,22,87.31818181818181
species_multihead_no_enrichment,3,13,Proteus_Mirabilis,457,8258,0.9152137475456735,0.720378829146747,27,271.8888888888889
species_multihead_no_enrichment,3,14,Proteus_Vulgaris,83,1240,0.963321448950785,0.6598023167843177,13,61.92307692307692
species_multihead_no_enrichment,3,15,Pseudomonas_Aeruginosa,1081,13062,0.9491412379982027,0.8024921123966953,15,674.9333333333333
species_multihead_no_enrichment,3,16,Serratia_Marcescens,257,4001,0.9694615351392102,0.5505401325239299,19,146.21052631578948
species_multihead_no_enrichment,3,17,Staphylococcus_Aureus,1453,28324,0.9269377662857222,0.7736557064393632,33,714.939393939394
species_multihead_no_enrichment,3,18,Staphylococcus_Capitis,82,1753,0.9382123177791728,0.7840805057893586,22,64.95454545454545
species_multihead_no_enrichment,3,19,Staphylococcus_Epidermidis,1142,23131,0.9295163655912193,0.8258583387697432,34,643.3235294117648
species_multihead_no_enrichment,3,20,Staphylococcus_Haemolyticus,66,1369,0.9446049725175939,0.8829177377179084,24,46.0
species_multihead_no_enrichment,3,21,Staphylococcus_Hominis,160,3276,0.8633164525887328,0.7063456188716112,22,112.77272727272727
species_multihead_no_enrichment,3,22,Staphylococcus_Lugdunensis,96,1942,0.8690462332934741,0.7343801829540023,19,62.10526315789474
species_multihead_no_enrichment,3,23,Stenotrophomonas_Maltophilia,143,898,0.9761215280291512,0.7106072240720286,7,50.714285714285715
species_multihead_no_enrichment,3,24,Streptococcus_Pneumoniae,75,779,0.8408557544150764,0.7900729571642903,22,28.227272727272727
species_multihead_no_enrichment,4,0,Campylobacter_Jejuni,96,219,0.9486036838978016,0.9310185185185186,3,67.0
species_multihead_no_enrichment,4,1,Candida_Albicans,66,501,0.7335282651072124,0.595913333498849,8,62.625
species_multihead_no_enrichment,4,2,Citrobacter_Freundii,132,2104,0.8760121855345911,0.6071554702014123,20,77.25
species_multihead_no_enrichment,4,3,Citrobacter_Koseri,174,2764,0.9676234845147852,0.6310509955321901,17,87.76470588235294
species_multihead_no_enrichment,4,4,Enterobacter_Cloacae,324,4832,0.8943593969693281,0.5746509567221306,23,182.2608695652174
species_multihead_no_enrichment,4,5,Enterococcus_Faecalis,935,14775,0.9872464470691092,0.6486174617741387,22,520.9090909090909
species_multihead_no_enrichment,4,6,Enterococcus_Faecium,439,4796,0.9753273375444749,0.8512393688605769,22,185.72727272727272
species_multihead_no_enrichment,4,7,Escherichia_Coli,1523,24120,0.8519788619586818,0.6902263399053491,30,796.9
species_multihead_no_enrichment,4,8,Haemophilus_Influenzae,151,470,0.8393939393939394,0.6685881604449634,12,33.5
species_multihead_no_enrichment,4,9,Klebsiella_Oxytoca,251,4109,0.9446741085484762,0.7488658318635053,22,142.6818181818182
species_multihead_no_enrichment,4,10,Klebsiella_Pneumoniae,3914,69309,0.876676725185755,0.7163908215687664,36,1923.111111111111
species_multihead_no_enrichment,4,11,Klebsiella_Variicola,130,2062,0.9242106650847011,0.7325545040189156,15,93.86666666666666
species_multihead_no_enrichment,4,12,Morganella_Morganii,174,2803,0.9357617725405211,0.6008791819507391,23,91.8695652173913
species_multihead_no_enrichment,4,13,Proteus_Mirabilis,495,8843,0.9250095560106925,0.7467805631302461,27,292.0
species_multihead_no_enrichment,4,14,Proteus_Vulgaris,63,923,0.9827094474153297,0.6995448406783117,9,47.111111111111114
species_multihead_no_enrichment,4,15,Pseudomonas_Aeruginosa,1057,12536,0.9510267199299531,0.7151030194643299,20,539.85
species_multihead_no_enrichment,4,16,Serratia_Marcescens,263,4114,0.970657015503936,0.6920185738496084,19,149.3684210526316
species_multihead_no_enrichment,4,17,Staphylococcus_Aureus,1433,27930,0.9297155006728712,0.7814764766017572,32,714.625
species_multihead_no_enrichment,4,18,Staphylococcus_Capitis,80,1590,0.9233768652373303,0.7785738760369485,24,51.125
species_multihead_no_enrichment,4,19,Staphylococcus_Epidermidis,1155,23351,0.9299542553455895,0.8178720938794344,34,618.4117647058823
species_multihead_no_enrichment,4,20,Staphylococcus_Haemolyticus,64,1371,0.9198093130160891,0.8153153420053959,24,47.125
species_multihead_no_enrichment,4,21,Staphylococcus_Hominis,125,2611,0.827370461110908,0.6916008768554812,22,89.72727272727273
species_multihead_no_enrichment,4,22,Staphylococcus_Lugdunensis,100,2090,0.9139038983288224,0.6740977831321376,20,69.25
species_multihead_no_enrichment,4,23,Stenotrophomonas_Maltophilia,130,839,0.9785489925687582,0.6893987033074561,6,55.0
species_multihead_no_enrichment,4,24,Streptococcus_Pneumoniae,92,979,0.8446253857771358,0.7366099697037946,23,35.91304347826087
implicit_species_hypernetwork_no_enrichment,0,0,Campylobacter_Jejuni,81,190,0.9055059523809523,0.7832217208079277,3,57.333333333333336
implicit_species_hypernetwork_no_enrichment,0,1,Candida_Albicans,53,403,0.8841904761904761,0.7940044313433289,8,50.375
implicit_species_hypernetwork_no_enrichment,0,2,Citrobacter_Freundii,131,2099,0.8814302886217108,0.6452174191605732,23,79.0
implicit_species_hypernetwork_no_enrichment,0,3,Citrobacter_Koseri,160,2567,0.9513034047333153,0.6783016346120574,17,101.70588235294117
implicit_species_hypernetwork_no_enrichment,0,4,Enterobacter_Cloacae,345,5131,0.886630230147283,0.5929722290859719,24,189.125
implicit_species_hypernetwork_no_enrichment,0,5,Enterococcus_Faecalis,925,14081,0.9885637131663607,0.6801009816249595,21,534.8095238095239
implicit_species_hypernetwork_no_enrichment,0,6,Enterococcus_Faecium,465,5028,0.9768371229398527,0.8260241437505798,21,198.47619047619048
implicit_species_hypernetwork_no_enrichment,0,7,Escherichia_Coli,1533,24374,0.8643291255591032,0.7088066749300656,30,805.5666666666667
implicit_species_hypernetwork_no_enrichment,0,8,Haemophilus_Influenzae,170,579,0.8232383808095952,0.5950678302605321,12,37.916666666666664
implicit_species_hypernetwork_no_enrichment,0,9,Klebsiella_Oxytoca,238,3941,0.9255914224352639,0.7008839563105163,22,129.04545454545453
implicit_species_hypernetwork_no_enrichment,0,10,Klebsiella_Pneumoniae,3850,68001,0.8674606616448659,0.7179789694795059,30,2220.1666666666665
implicit_species_hypernetwork_no_enrichment,0,11,Klebsiella_Variicola,147,2349,0.9310575867345615,0.6783718156925688,15,107.4
implicit_species_hypernetwork_no_enrichment,0,12,Morganella_Morganii,158,2619,0.9221282593375617,0.5471654165828864,21,89.57142857142857
implicit_species_hypernetwork_no_enrichment,0,13,Proteus_Mirabilis,473,8711,0.9127232836643062,0.6620467586047557,30,275.2
implicit_species_hypernetwork_no_enrichment,0,14,Proteus_Vulgaris,86,1274,0.9888749458121335,0.7599182721876174,8,62.25
implicit_species_hypernetwork_no_enrichment,0,15,Pseudomonas_Aeruginosa,1090,12698,0.9463881986796644,0.8030228806661849,16,655.875
implicit_species_hypernetwork_no_enrichment,0,16,Serratia_Marcescens,245,3807,0.9791345057950939,0.7825885843980666,19,137.47368421052633
implicit_species_hypernetwork_no_enrichment,0,17,Staphylococcus_Aureus,1413,27955,0.9285670781710603,0.7567656075585426,32,750.53125
implicit_species_hypernetwork_no_enrichment,0,18,Staphylococcus_Capitis,89,1827,0.9147243630651417,0.8902789309292083,21,66.28571428571429
implicit_species_hypernetwork_no_enrichment,0,19,Staphylococcus_Epidermidis,1128,22712,0.9264169631592504,0.7944523768244788,31,687.483870967742
implicit_species_hypernetwork_no_enrichment,0,20,Staphylococcus_Haemolyticus,55,1205,0.9439377134753651,0.8424240850577697,25,40.6
implicit_species_hypernetwork_no_enrichment,0,21,Staphylococcus_Hominis,174,3715,0.9000246447054957,0.7604857718698949,24,123.91666666666667
implicit_species_hypernetwork_no_enrichment,0,22,Staphylococcus_Lugdunensis,104,2135,0.9062981821950998,0.7743404040561579,18,71.55555555555556
implicit_species_hypernetwork_no_enrichment,0,23,Stenotrophomonas_Maltophilia,131,609,0.9883087434107842,0.8369040722751604,7,38.714285714285715
implicit_species_hypernetwork_no_enrichment,0,24,Streptococcus_Pneumoniae,123,1304,0.8906757550625476,0.7331156432814845,23,46.391304347826086
implicit_species_hypernetwork_no_enrichment,1,0,Campylobacter_Jejuni,93,222,0.9333455916153351,0.7495590828924162,3,65.66666666666667
implicit_species_hypernetwork_no_enrichment,1,1,Candida_Albicans,74,587,0.8326042378673958,0.7658336932226291,8,73.375
implicit_species_hypernetwork_no_enrichment,1,2,Citrobacter_Freundii,133,2208,0.8651713072919298,0.5819197094396635,21,77.52380952380952
implicit_species_hypernetwork_no_enrichment,1,3,Citrobacter_Koseri,165,2677,0.9753069758917712,0.728460507790863,16,94.875
implicit_species_hypernetwork_no_enrichment,1,4,Enterobacter_Cloacae,311,4634,0.9008304089465413,0.6768127008625457,23,154.0
implicit_species_hypernetwork_no_enrichment,1,5,Enterococcus_Faecalis,895,14085,0.9850355427349772,0.6775360848160702,22,515.7727272727273
implicit_species_hypernetwork_no_enrichment,1,6,Enterococcus_Faecium,428,4553,0.9810930300731001,0.8370733969613084,23,166.1304347826087
implicit_species_hypernetwork_no_enrichment,1,7,Escherichia_Coli,1578,25297,0.8588902041956551,0.7045356159946884,29,817.7241379310345
implicit_species_hypernetwork_no_enrichment,1,8,Haemophilus_Influenzae,166,532,0.8541970271058001,0.6504981230599053,7,42.42857142857143
implicit_species_hypernetwork_no_enrichment,1,9,Klebsiella_Oxytoca,251,4169,0.9371430857629683,0.6892328768362733,24,136.54166666666666
implicit_species_hypernetwork_no_enrichment,1,10,Klebsiella_Pneumoniae,3838,67924,0.8833116403562491,0.7525852792136836,37,1818.2702702702702
implicit_species_hypernetwork_no_enrichment,1,11,Klebsiella_Variicola,112,1766,0.8973013233561976,0.6188857911957447,12,83.66666666666667
implicit_species_hypernetwork_no_enrichment,1,12,Morganella_Morganii,166,2727,0.9450757415746476,0.6966025234435366,21,100.28571428571429
implicit_species_hypernetwork_no_enrichment,1,13,Proteus_Mirabilis,482,8700,0.9158318420042612,0.7158381128551863,24,277.2916666666667
implicit_species_hypernetwork_no_enrichment,1,14,Proteus_Vulgaris,93,1370,0.9790987507764004,0.5704457943834621,12,46.583333333333336
implicit_species_hypernetwork_no_enrichment,1,15,Pseudomonas_Aeruginosa,1109,13027,0.9415563071377794,0.7869640411253556,15,693.4666666666667
implicit_species_hypernetwork_no_enrichment,1,16,Serratia_Marcescens,244,3880,0.969532054199843,0.6679087356724857,19,140.94736842105263
implicit_species_hypernetwork_no_enrichment,1,17,Staphylococcus_Aureus,1488,29631,0.9264647601680948,0.7470902563195083,36,750.8611111111111
implicit_species_hypernetwork_no_enrichment,1,18,Staphylococcus_Capitis,90,1799,0.9572813413069005,0.8723221959499721,20,67.2
implicit_species_hypernetwork_no_enrichment,1,19,Staphylococcus_Epidermidis,1137,23116,0.9340259261546386,0.7989735108632501,33,661.969696969697
implicit_species_hypernetwork_no_enrichment,1,20,Staphylococcus_Haemolyticus,56,1236,0.9339736211284412,0.8658815407808779,24,41.125
implicit_species_hypernetwork_no_enrichment,1,21,Staphylococcus_Hominis,149,3117,0.8805823868220225,0.7443019060928151,22,108.04545454545455
implicit_species_hypernetwork_no_enrichment,1,22,Staphylococcus_Lugdunensis,89,1763,0.9136270764043501,0.5175853976193346,21,52.38095238095238
implicit_species_hypernetwork_no_enrichment,1,23,Stenotrophomonas_Maltophilia,122,740,0.9733407130667404,0.7480016603311258,6,49.333333333333336
implicit_species_hypernetwork_no_enrichment,1,24,Streptococcus_Pneumoniae,98,921,0.8242420337017109,0.749902177002092,28,28.857142857142858
implicit_species_hypernetwork_no_enrichment,2,0,Campylobacter_Jejuni,100,229,0.9231619679380874,0.8038238941711451,3,69.66666666666667
implicit_species_hypernetwork_no_enrichment,2,1,Candida_Albicans,64,487,0.8117073821919637,0.6952817051732658,8,60.875
implicit_species_hypernetwork_no_enrichment,2,2,Citrobacter_Freundii,115,1855,0.8769580817362388,0.5536454187884858,23,70.34782608695652
implicit_species_hypernetwork_no_enrichment,2,3,Citrobacter_Koseri,171,2732,0.9382847539888421,0.7973129046491728,23,103.08695652173913
implicit_species_hypernetwork_no_enrichment,2,4,Enterobacter_Cloacae,324,4816,0.9204476921134939,0.7328812324624717,22,176.63636363636363
implicit_species_hypernetwork_no_enrichment,2,5,Enterococcus_Faecalis,981,14954,0.9880957141793332,0.7426249396670558,18,521.7222222222222
implicit_species_hypernetwork_no_enrichment,2,6,Enterococcus_Faecium,462,4954,0.974068392197879,0.8073831066676584,23,179.2608695652174
implicit_species_hypernetwork_no_enrichment,2,7,Escherichia_Coli,1539,24279,0.8605474699047196,0.7033098803113145,30,802.8666666666667
implicit_species_hypernetwork_no_enrichment,2,8,Haemophilus_Influenzae,152,452,0.8556783302639658,0.7408913124332626,7,44.42857142857143
implicit_species_hypernetwork_no_enrichment,2,9,Klebsiella_Oxytoca,243,4043,0.9504836826942181,0.7579100675085217,19,145.3684210526316
implicit_species_hypernetwork_no_enrichment,2,10,Klebsiella_Pneumoniae,3813,67329,0.8757233745238456,0.7393975346162147,30,2198.6
implicit_species_hypernetwork_no_enrichment,2,11,Klebsiella_Variicola,141,2205,0.9789029535864979,0.9241935304908085,18,83.83333333333333
implicit_species_hypernetwork_no_enrichment,2,12,Morganella_Morganii,159,2628,0.9383195154166865,0.663150921566319,21,89.0
implicit_species_hypernetwork_no_enrichment,2,13,Proteus_Mirabilis,465,8526,0.920202704845974,0.7425620075313553,28,280.5357142857143
implicit_species_hypernetwork_no_enrichment,2,14,Proteus_Vulgaris,110,1667,0.9758765692482048,0.7007356588119658,17,65.3529411764706
implicit_species_hypernetwork_no_enrichment,2,15,Pseudomonas_Aeruginosa,1018,12053,0.9516421349575794,0.7917585324559996,17,584.3529411764706
implicit_species_hypernetwork_no_enrichment,2,16,Serratia_Marcescens,244,3890,0.9710387305315726,0.700148332394454,20,145.0
implicit_species_hypernetwork_no_enrichment,2,17,Staphylococcus_Aureus,1454,28377,0.9255693639688248,0.7852723107746034,35,717.5428571428571
implicit_species_hypernetwork_no_enrichment,2,18,Staphylococcus_Capitis,78,1703,0.903534286642834,0.7528757100779176,20,61.55
implicit_species_hypernetwork_no_enrichment,2,19,Staphylococcus_Epidermidis,1169,23774,0.930372559447791,0.8157363495866979,33,678.030303030303
implicit_species_hypernetwork_no_enrichment,2,20,Staphylococcus_Haemolyticus,60,1334,0.9258013396871065,0.8718852811788221,24,44.125
implicit_species_hypernetwork_no_enrichment,2,21,Staphylococcus_Hominis,172,3606,0.8883591243555571,0.6835573630694317,24,121.29166666666667
implicit_species_hypernetwork_no_enrichment,2,22,Staphylococcus_Lugdunensis,90,1820,0.9631728287804022,0.803322493479785,16,52.0625
implicit_species_hypernetwork_no_enrichment,2,23,Stenotrophomonas_Maltophilia,130,722,0.972465034965035,0.7103455776249894,6,50.333333333333336
implicit_species_hypernetwork_no_enrichment,2,24,Streptococcus_Pneumoniae,112,1223,0.8326617019199192,0.7232313740740935,23,44.608695652173914
implicit_species_hypernetwork_no_enrichment,3,0,Campylobacter_Jejuni,97,258,0.8677811550151975,0.5411941170030291,5,50.6
implicit_species_hypernetwork_no_enrichment,3,1,Candida_Albicans,58,381,0.8775216138328531,0.8356052340890615,7,54.42857142857143
implicit_species_hypernetwork_no_enrichment,3,2,Citrobacter_Freundii,136,2168,0.9081255260942762,0.6577565436217134,22,86.13636363636364
implicit_species_hypernetwork_no_enrichment,3,3,Citrobacter_Koseri,181,2902,0.9717421515329612,0.6744550400565295,20,105.5
implicit_species_hypernetwork_no_enrichment,3,4,Enterobacter_Cloacae,303,4464,0.9110419037291035,0.6960692697646996,25,158.76
implicit_species_hypernetwork_no_enrichment,3,5,Enterococcus_Faecalis,896,13774,0.9874363874236793,0.7227358926995134,20,550.7
implicit_species_hypernetwork_no_enrichment,3,6,Enterococcus_Faecium,444,4866,0.974855292075328,0.8021081095844127,22,193.54545454545453
implicit_species_hypernetwork_no_enrichment,3,7,Escherichia_Coli,1556,24761,0.8624772142112394,0.6342120379679991,31,792.1290322580645
implicit_species_hypernetwork_no_enrichment,3,8,Haemophilus_Influenzae,203,679,0.8744745985082243,0.7723387200355161,12,46.916666666666664
implicit_species_hypernetwork_no_enrichment,3,9,Klebsiella_Oxytoca,256,4222,0.9336374853237236,0.727908804528372,23,150.56521739130434
implicit_species_hypernetwork_no_enrichment,3,10,Klebsiella_Pneumoniae,3850,68131,0.8723910340429444,0.7517566724753797,31,2175.8064516129034
implicit_species_hypernetwork_no_enrichment,3,11,Klebsiella_Variicola,135,2144,0.9338322096268307,0.7151762511828194,13,93.46153846153847
implicit_species_hypernetwork_no_enrichment,3,12,Morganella_Morganii,156,2560,0.9262941063972205,0.6765023785244849,22,87.31818181818181
implicit_species_hypernetwork_no_enrichment,3,13,Proteus_Mirabilis,457,8258,0.9169219195364975,0.7501928649427675,27,271.8888888888889
implicit_species_hypernetwork_no_enrichment,3,14,Proteus_Vulgaris,83,1240,0.9604554678885701,0.454357907073386,13,61.92307692307692
implicit_species_hypernetwork_no_enrichment,3,15,Pseudomonas_Aeruginosa,1081,13062,0.9543623221980437,0.7922861545857269,15,674.9333333333333
implicit_species_hypernetwork_no_enrichment,3,16,Serratia_Marcescens,257,4001,0.9736686599630133,0.6112572360130297,19,146.21052631578948
implicit_species_hypernetwork_no_enrichment,3,17,Staphylococcus_Aureus,1453,28324,0.9345508121059942,0.7446484101229565,33,714.939393939394
implicit_species_hypernetwork_no_enrichment,3,18,Staphylococcus_Capitis,82,1753,0.9430668898653833,0.8358358856522936,22,64.95454545454545
implicit_species_hypernetwork_no_enrichment,3,19,Staphylococcus_Epidermidis,1142,23131,0.9280275320300314,0.7979562496530624,34,643.3235294117648
implicit_species_hypernetwork_no_enrichment,3,20,Staphylococcus_Haemolyticus,66,1369,0.960982046540299,0.8729782601390902,24,46.0
implicit_species_hypernetwork_no_enrichment,3,21,Staphylococcus_Hominis,160,3276,0.8632476559654096,0.7455529543591163,22,112.77272727272727
implicit_species_hypernetwork_no_enrichment,3,22,Staphylococcus_Lugdunensis,96,1942,0.879568390494432,0.7501419393150025,19,62.10526315789474
implicit_species_hypernetwork_no_enrichment,3,23,Stenotrophomonas_Maltophilia,143,898,0.9819171955565209,0.6222258497765104,7,50.714285714285715
implicit_species_hypernetwork_no_enrichment,3,24,Streptococcus_Pneumoniae,75,779,0.8350954130615148,0.7731723821198334,22,28.227272727272727
implicit_species_hypernetwork_no_enrichment,4,0,Campylobacter_Jejuni,96,219,0.9494949494949496,0.9365740740740741,3,67.0
implicit_species_hypernetwork_no_enrichment,4,1,Candida_Albicans,66,501,0.793859649122807,0.7057123844599367,8,62.625
implicit_species_hypernetwork_no_enrichment,4,2,Citrobacter_Freundii,132,2104,0.9065883310871519,0.6296342673072829,20,77.25
implicit_species_hypernetwork_no_enrichment,4,3,Citrobacter_Koseri,174,2764,0.9651479275144599,0.5860623095747687,17,87.76470588235294
implicit_species_hypernetwork_no_enrichment,4,4,Enterobacter_Cloacae,324,4832,0.9139471913374206,0.7117495516063679,23,182.2608695652174
implicit_species_hypernetwork_no_enrichment,4,5,Enterococcus_Faecalis,935,14775,0.9876022382547262,0.6551386711138538,22,520.9090909090909
implicit_species_hypernetwork_no_enrichment,4,6,Enterococcus_Faecium,439,4796,0.9738770071846841,0.7962716505743676,22,185.72727272727272
implicit_species_hypernetwork_no_enrichment,4,7,Escherichia_Coli,1523,24120,0.8528829866290879,0.7060729283958432,30,796.9
implicit_species_hypernetwork_no_enrichment,4,8,Haemophilus_Influenzae,151,470,0.8324747474747475,0.6958045358948214,12,33.5
implicit_species_hypernetwork_no_enrichment,4,9,Klebsiella_Oxytoca,251,4109,0.951095567886457,0.7855580874992291,22,142.6818181818182
implicit_species_hypernetwork_no_enrichment,4,10,Klebsiella_Pneumoniae,3914,69309,0.873656698260521,0.7014729089795881,36,1923.111111111111
implicit_species_hypernetwork_no_enrichment,4,11,Klebsiella_Variicola,130,2062,0.9239470041526597,0.8231486886919325,15,93.86666666666666
implicit_species_hypernetwork_no_enrichment,4,12,Morganella_Morganii,174,2803,0.9283963158607613,0.6092711144036724,23,91.8695652173913
implicit_species_hypernetwork_no_enrichment,4,13,Proteus_Mirabilis,495,8843,0.9259196674151995,0.7428097498042276,27,292.0
implicit_species_hypernetwork_no_enrichment,4,14,Proteus_Vulgaris,63,923,0.9892029539088362,0.8528604099209534,9,47.111111111111114
implicit_species_hypernetwork_no_enrichment,4,15,Pseudomonas_Aeruginosa,1057,12536,0.9491904601974477,0.6965311478928787,20,539.85
implicit_species_hypernetwork_no_enrichment,4,16,Serratia_Marcescens,263,4114,0.9684802362386493,0.6996233872555211,19,149.3684210526316
implicit_species_hypernetwork_no_enrichment,4,17,Staphylococcus_Aureus,1433,27930,0.9274923966658938,0.7690677716258374,32,714.625
implicit_species_hypernetwork_no_enrichment,4,18,Staphylococcus_Capitis,80,1590,0.9399603091463558,0.7895304858544797,24,51.125
implicit_species_hypernetwork_no_enrichment,4,19,Staphylococcus_Epidermidis,1155,23351,0.93064156284,0.8210990880026061,34,618.4117647058823
implicit_species_hypernetwork_no_enrichment,4,20,Staphylococcus_Haemolyticus,64,1371,0.9126542947135439,0.8344369584429113,24,47.125
implicit_species_hypernetwork_no_enrichment,4,21,Staphylococcus_Hominis,125,2611,0.8314337952974732,0.6958465467535734,22,89.72727272727273
implicit_species_hypernetwork_no_enrichment,4,22,Staphylococcus_Lugdunensis,100,2090,0.9237661588970423,0.7011333265035292,20,69.25
implicit_species_hypernetwork_no_enrichment,4,23,Stenotrophomonas_Maltophilia,130,839,0.9775626292806251,0.7941242269045473,6,55.0
implicit_species_hypernetwork_no_enrichment,4,24,Streptococcus_Pneumoniae,92,979,0.8557095016087728,0.7666433140532342,23,35.91304347826087
