model_mode,antibiotic,mean_antibiotic_auc,std_antibiotic_auc,mean_n_val_pairs,n_folds
implicit_species_hypernetwork_no_enrichment,5-Fluorocytosine,0.6208115214110546,0.1260829779047205,60.75,4
implicit_species_hypernetwork_no_enrichment,Amikacin,0.885732960301295,0.00958333980280615,8866.4,5
implicit_species_hypernetwork_no_enrichment,Amoxicillin,0.8662645119069747,0.04807480796227865,40.2,5
implicit_species_hypernetwork_no_enrichment,Amoxicillin-Clavulanic acid,0.9145656790324711,0.0028155631710493232,5747.4,5
implicit_species_hypernetwork_no_enrichment,Amoxicillin-Clavulanic acid_uncomplicated_HWI,0.9332900432900434,0.08451548090732479,16.0,5
implicit_species_hypernetwork_no_enrichment,Ampicillin,0.9571137253224963,0.0035540340496967976,4253.2,5
implicit_species_hypernetwork_no_enrichment,Anidulafungin,0.6026595967093218,0.1064488529569609,60.8,5
implicit_species_hypernetwork_no_enrichment,Azithromycin,0.7956016865079365,0.06917471952393074,40.8,5
implicit_species_hypernetwork_no_enrichment,Aztreonam,0.8497559861273682,0.007381803064266982,4294.4,5
implicit_species_hypernetwork_no_enrichment,Benzylpenicillin,0.8594959620545705,0.044437856702980005,136.8,5
implicit_species_hypernetwork_no_enrichment,Caspofungin,0.9570489522650204,0.030603208957824615,63.0,5
implicit_species_hypernetwork_no_enrichment,Cefazolin,0.9287169784971148,0.005646029390954363,1919.6,5
implicit_species_hypernetwork_no_enrichment,Cefepime,0.8860638883881489,0.005455401293092605,10042.6,5
implicit_species_hypernetwork_no_enrichment,Cefixime,0.7805975566337351,0.015428242594636404,2974.6,5
implicit_species_hypernetwork_no_enrichment,Cefotaxime,0.8860175542339659,0.006385766626427181,3863.2,5
implicit_species_hypernetwork_no_enrichment,Cefoxitin,0.9548737011561954,0.005568666367547745,1242.0,5
implicit_species_hypernetwork_no_enrichment,Cefpodoxime,0.9087720177443079,0.01129266401478677,1274.6,5
implicit_species_hypernetwork_no_enrichment,Ceftazidime,0.8432290494940393,0.008329748222195763,7696.0,5
implicit_species_hypernetwork_no_enrichment,Ceftazidime-Avibactam,0.0,,7.0,1
implicit_species_hypernetwork_no_enrichment,Ceftobiprole,1.0,,5.0,1
implicit_species_hypernetwork_no_enrichment,Ceftolozane-Tazobactam,0.696026936026936,0.11353578289736724,18.6,5
implicit_species_hypernetwork_no_enrichment,Ceftriaxone,0.8994849470918549,0.005140935413525596,5354.6,5
implicit_species_hypernetwork_no_enrichment,Cefuroxime,0.8796234296099186,0.004875391912499239,6751.6,5
implicit_species_hypernetwork_no_enrichment,Chloramphenicol,0.9519852466098886,0.0047258342494101435,1565.6,5
implicit_species_hypernetwork_no_enrichment,Ciprofloxacin,0.8682971547803632,0.003803357956664962,12192.2,5
implicit_species_hypernetwork_no_enrichment,Clarithromycin,0.7707158200368658,0.041576591331620755,263.2,5
implicit_species_hypernetwork_no_enrichment,Clindamycin,0.8955700812781784,0.005511557478924095,3330.6,5
implicit_species_hypernetwork_no_enrichment,Colistin,0.9765723490951081,0.003671676101816735,7695.2,5
implicit_species_hypernetwork_no_enrichment,Cotrimoxazol,0.8226667524252271,0.03920567715211223,286.6,5
implicit_species_hypernetwork_no_enrichment,Cotrimoxazole,0.8602157326877118,0.004639932120498205,5562.6,5
implicit_species_hypernetwork_no_enrichment,Daptomycin,0.8752450449868231,0.04365984481693051,3539.6,5
implicit_species_hypernetwork_no_enrichment,Doxycycline,0.6220466422640373,0.11737662385067843,164.4,5
implicit_species_hypernetwork_no_enrichment,Ertapenem,0.9277787663865646,0.007879550795330457,7267.6,5
implicit_species_hypernetwork_no_enrichment,Erythromycin,0.8916144452568252,0.005468994185942937,3441.2,5
implicit_species_hypernetwork_no_enrichment,Fluconazole,0.7916416337285903,0.1323122664446845,61.2,5
implicit_species_hypernetwork_no_enrichment,Fosfomycin,0.7446701798762723,0.007016631197042733,5994.2,5
implicit_species_hypernetwork_no_enrichment,Fusidic acid,0.854925677650259,0.014572711635105744,2490.6,5
implicit_species_hypernetwork_no_enrichment,Gentamicin,0.9117443760173651,0.005797307216398965,8326.8,5
implicit_species_hypernetwork_no_enrichment,Gentamicin_high_level,0.7934630568087929,0.029100713317307264,129.2,5
implicit_species_hypernetwork_no_enrichment,Imipenem,0.9706588820709537,0.0006321939598429128,11475.0,5
implicit_species_hypernetwork_no_enrichment,Itraconazole,0.687770367243733,0.08595631275819542,56.6,5
implicit_species_hypernetwork_no_enrichment,Levofloxacin,0.8827158009693428,0.0019126692723728887,9128.4,5
implicit_species_hypernetwork_no_enrichment,Linezolid,0.8846668507675457,0.03339946316499728,3871.6,5
implicit_species_hypernetwork_no_enrichment,Meropenem,0.9458136060956163,0.002520256298689053,9726.8,5
implicit_species_hypernetwork_no_enrichment,Meropenem_with_meningitis,0.6207194616977226,0.15595673744446806,25.2,5
implicit_species_hypernetwork_no_enrichment,Meropenem_without_meningitis,0.8134502923976609,0.30061153088372455,15.666666666666666,3
implicit_species_hypernetwork_no_enrichment,Micafungin,0.9155536508388666,0.04280439804297026,61.4,5
implicit_species_hypernetwork_no_enrichment,Minocycline,0.8787823983450384,0.007109438000465004,1954.2,5
implicit_species_hypernetwork_no_enrichment,Moxifloxacin,0.9857389918348345,0.009802496600953729,179.6,5
implicit_species_hypernetwork_no_enrichment,Mupirocin,0.9572389190914741,0.0056074605620310795,1645.6,5
implicit_species_hypernetwork_no_enrichment,Nitrofurantoin,0.8873162309414493,0.00407779764081236,4254.0,5
implicit_species_hypernetwork_no_enrichment,Norfloxacin,0.8620558462319755,0.006827817210581508,4989.2,5
implicit_species_hypernetwork_no_enrichment,Oxacillin,0.9194100881630216,0.004559290621501829,3112.0,5
implicit_species_hypernetwork_no_enrichment,Penicillin,0.9464879343028981,0.005098882853340427,3450.8,5
implicit_species_hypernetwork_no_enrichment,Penicillin_with_meningitis,0.7661883329999235,0.09430671570813663,51.0,5
implicit_species_hypernetwork_no_enrichment,Penicillin_with_other_infections,0.7462160062160061,0.09493531009049269,51.2,5
implicit_species_hypernetwork_no_enrichment,Penicillin_with_pneumonia,0.8275641025641025,0.16807589625925862,51.2,5
implicit_species_hypernetwork_no_enrichment,Piperacillin,0.915477612829118,0.0052601965153111704,3778.2,5
implicit_species_hypernetwork_no_enrichment,Piperacillin-Tazobactam,0.8773969625450185,0.005465684332416351,5855.8,5
implicit_species_hypernetwork_no_enrichment,Polymyxin B,0.9999036144578313,0.00021552462433730598,519.4,5
implicit_species_hypernetwork_no_enrichment,Posaconazole,0.633505386344261,0.3502184848693898,58.4,5
implicit_species_hypernetwork_no_enrichment,Pristinamycin,0.9663197351921108,0.004983660388155341,1338.2,5
implicit_species_hypernetwork_no_enrichment,Rifampicin,0.8876861521523611,0.013996339933555786,2316.6,5
implicit_species_hypernetwork_no_enrichment,Strepomycin_high_level,0.6613675213675213,0.24304343446812085,16.2,5
implicit_species_hypernetwork_no_enrichment,Teicoplanin,0.937617012021788,0.01564062574759429,2826.6,5
implicit_species_hypernetwork_no_enrichment,Tetracycline,0.9065079155562096,0.002999770165794643,3326.6,5
implicit_species_hypernetwork_no_enrichment,Ticarcillin,0.9228707579736479,0.003419581213588307,1736.0,5
implicit_species_hypernetwork_no_enrichment,Tigecycline,0.9938061854299122,0.0019130670797937834,3664.8,5
implicit_species_hypernetwork_no_enrichment,Tobramycin,0.8850109845942884,0.008991710633143885,9029.2,5
implicit_species_hypernetwork_no_enrichment,Vancomycin,0.9699162006861242,0.007234964185652488,4168.2,5
implicit_species_hypernetwork_no_enrichment,Voriconazole,0.8223500661847062,0.17930756842600662,61.8,5
species_multihead_no_enrichment,5-Fluorocytosine,0.4248166619505754,0.1197331077607586,60.75,4
species_multihead_no_enrichment,Amikacin,0.884852445300807,0.007857662386161085,8866.4,5
species_multihead_no_enrichment,Amoxicillin,0.8745367628363322,0.06078335028039353,40.2,5
species_multihead_no_enrichment,Amoxicillin-Clavulanic acid,0.9124301758598552,0.005253714616587879,5747.4,5
species_multihead_no_enrichment,Amoxicillin-Clavulanic acid_uncomplicated_HWI,0.9506926406926407,0.06727710070636986,16.0,5
species_multihead_no_enrichment,Ampicillin,0.9570489945109106,0.003906848565940607,4253.2,5
species_multihead_no_enrichment,Anidulafungin,0.608592521643321,0.11456576924497613,60.8,5
species_multihead_no_enrichment,Azithromycin,0.8479746260683761,0.05206491125138705,40.8,5
species_multihead_no_enrichment,Aztreonam,0.8521939349104883,0.006964021971463022,4294.4,5
species_multihead_no_enrichment,Benzylpenicillin,0.8663111775756069,0.022866871767518494,136.8,5
species_multihead_no_enrichment,Caspofungin,0.9689800886879402,0.04838861949469152,63.0,5
species_multihead_no_enrichment,Cefazolin,0.9279118533907017,0.007739925770561607,1919.6,5
species_multihead_no_enrichment,Cefepime,0.8836737332195529,0.005389970544559188,10042.6,5
species_multihead_no_enrichment,Cefixime,0.7757056127762428,0.005713823705438253,2974.6,5
species_multihead_no_enrichment,Cefotaxime,0.8859594529489179,0.0031395934637115904,3863.2,5
species_multihead_no_enrichment,Cefoxitin,0.9533855922762189,0.0039900898480915385,1242.0,5
species_multihead_no_enrichment,Cefpodoxime,0.9109063187024884,0.0064064174796272825,1274.6,5
species_multihead_no_enrichment,Ceftazidime,0.8414553148980343,0.010603900826802994,7696.0,5
species_multihead_no_enrichment,Ceftazidime-Avibactam,0.33333333333333337,,7.0,1
species_multihead_no_enrichment,Ceftobiprole,1.0,,5.0,1
species_multihead_no_enrichment,Ceftolozane-Tazobactam,0.6111111111111112,0.16869140500765528,18.6,5
species_multihead_no_enrichment,Ceftriaxone,0.8965080975414713,0.0064445277362049835,5354.6,5
species_multihead_no_enrichment,Cefuroxime,0.878229795760879,0.005581867136941323,6751.6,5
species_multihead_no_enrichment,Chloramphenicol,0.9519479126434108,0.004691852235839547,1565.6,5
species_multihead_no_enrichment,Ciprofloxacin,0.8704774733314433,0.004459571598021565,12192.2,5
species_multihead_no_enrichment,Clarithromycin,0.7577299601102678,0.04447491687612806,263.2,5
species_multihead_no_enrichment,Clindamycin,0.897300110765579,0.007059461467242748,3330.6,5
species_multihead_no_enrichment,Colistin,0.9759310504494476,0.001791782856776498,7695.2,5
species_multihead_no_enrichment,Cotrimoxazol,0.8263800618937982,0.05974131915937237,286.6,5
species_multihead_no_enrichment,Cotrimoxazole,0.8567431558392915,0.005428544935750651,5562.6,5
species_multihead_no_enrichment,Daptomycin,0.8636589361717052,0.034983271496551914,3539.6,5
species_multihead_no_enrichment,Doxycycline,0.617016697874085,0.08871987943226867,164.4,5
species_multihead_no_enrichment,Ertapenem,0.9284480124819124,0.0033534754910092366,7267.6,5
species_multihead_no_enrichment,Erythromycin,0.8940781898968424,0.004439812889093767,3441.2,5
species_multihead_no_enrichment,Fluconazole,0.6678607631630101,0.1884035775393934,61.2,5
species_multihead_no_enrichment,Fosfomycin,0.7407109734801693,0.0047758867010225265,5994.2,5
species_multihead_no_enrichment,Fusidic acid,0.8536259952057519,0.013883005910239707,2490.6,5
species_multihead_no_enrichment,Gentamicin,0.9118695872812672,0.003397297137356262,8326.8,5
species_multihead_no_enrichment,Gentamicin_high_level,0.7618040533387787,0.04364069196061391,129.2,5
species_multihead_no_enrichment,Imipenem,0.9696735892666334,0.001463997045485484,11475.0,5
species_multihead_no_enrichment,Itraconazole,0.5481229599026209,0.1592289929275325,56.6,5
species_multihead_no_enrichment,Levofloxacin,0.8839710608707904,0.007059028544671809,9128.4,5
species_multihead_no_enrichment,Linezolid,0.9161249634436501,0.04117672280745894,3871.6,5
species_multihead_no_enrichment,Meropenem,0.9483637406728992,0.0028032339520363235,9726.8,5
species_multihead_no_enrichment,Meropenem_with_meningitis,0.6723844030365769,0.17477964153036535,25.2,5
species_multihead_no_enrichment,Meropenem_without_meningitis,0.9824561403508772,0.030386856273138165,15.666666666666666,3
species_multihead_no_enrichment,Micafungin,0.8696375442832501,0.07258992140268378,61.4,5
species_multihead_no_enrichment,Minocycline,0.871402214917756,0.003082434959171471,1954.2,5
species_multihead_no_enrichment,Moxifloxacin,0.9855954849237728,0.008088487023167619,179.6,5
species_multihead_no_enrichment,Mupirocin,0.959090349202568,0.004833263125791285,1645.6,5
species_multihead_no_enrichment,Nitrofurantoin,0.8828386247297806,0.011403947624779233,4254.0,5
species_multihead_no_enrichment,Norfloxacin,0.863677757677755,0.0046556847496096185,4989.2,5
species_multihead_no_enrichment,Oxacillin,0.917996949609946,0.007120757277166897,3112.0,5
species_multihead_no_enrichment,Penicillin,0.9484829242221195,0.0025016402823841697,3450.8,5
species_multihead_no_enrichment,Penicillin_with_meningitis,0.776735557688878,0.07932166145396992,51.0,5
species_multihead_no_enrichment,Penicillin_with_other_infections,0.7646379845644553,0.0932197636691251,51.2,5
species_multihead_no_enrichment,Penicillin_with_pneumonia,0.9184615384615384,0.11684474996765278,51.2,5
species_multihead_no_enrichment,Piperacillin,0.9208310085178892,0.01099872178716776,3778.2,5
species_multihead_no_enrichment,Piperacillin-Tazobactam,0.8720277293059244,0.005448018068387928,5855.8,5
species_multihead_no_enrichment,Polymyxin B,0.9992211514431905,0.0015269881368706608,519.4,5
species_multihead_no_enrichment,Posaconazole,0.46670696737192896,0.23700433247945144,58.4,5
species_multihead_no_enrichment,Pristinamycin,0.9650896791141885,0.002259229202024402,1338.2,5
species_multihead_no_enrichment,Rifampicin,0.8870252641015188,0.019655165831179214,2316.6,5
species_multihead_no_enrichment,Strepomycin_high_level,0.5685470085470086,0.13915280645028583,16.2,5
species_multihead_no_enrichment,Teicoplanin,0.9364863256458682,0.014505284226654884,2826.6,5
species_multihead_no_enrichment,Tetracycline,0.9062378386650296,0.0036189979683488344,3326.6,5
species_multihead_no_enrichment,Ticarcillin,0.9228615942787848,0.006246476062426476,1736.0,5
species_multihead_no_enrichment,Tigecycline,0.9940687550251347,0.002099825483833073,3664.8,5
species_multihead_no_enrichment,Tobramycin,0.8855374467779106,0.00456002841533502,9029.2,5
species_multihead_no_enrichment,Vancomycin,0.9682812775227859,0.006607991171230161,4168.2,5
species_multihead_no_enrichment,Voriconazole,0.6373929143636914,0.20454399314262717,61.8,5
