run,species,species_key,model_type,n_source_samples,n_msumg_samples,n_finetune_samples,n_test_samples,n_valid_antibiotics,valid_antibiotics,ood_micro_auc_before_finetuning,ood_macro_auc_before_finetuning,ood_micro_auc_after_finetuning,ood_macro_auc_after_finetuning,delta_micro_auc_after_minus_before,delta_macro_auc_after_minus_before,n_test_pairs_predicted_before,n_test_pairs_predicted_after
0,Candida albicans,candida_albicans,binary,315,1603,320,1283,3,Caspofungin;Micafungin;Voriconazole,0.3457105064247922,0.44025837110943494,0.3353309577799374,0.39224690288520075,-0.010379548644854797,-0.04801146822423419,3099,3099
0,Candida albicans,candida_albicans,multilabel,315,1603,320,1283,3,Caspofungin;Micafungin;Voriconazole,0.4096344887161214,0.44488473690601354,0.38515009178274484,0.3812561801923504,-0.024484396933376562,-0.06362855671366313,3099,3099
0,Citrobacter freundii,citrobacter_freundii,binary,647,551,110,441,8,Ceftazidime;Ceftriaxone;Ciprofloxacin;Cotrimoxazole;Gentamicin;Imipenem;Meropenem;Piperacillin-Tazobactam,0.5098322490638348,0.4758034016258422,0.5479327570066116,0.5409384831185802,0.03810050794277675,0.06513508149273795,3396,3396
0,Citrobacter freundii,citrobacter_freundii,multilabel,647,551,110,441,8,Ceftazidime;Ceftriaxone;Ciprofloxacin;Cotrimoxazole;Gentamicin;Imipenem;Meropenem;Piperacillin-Tazobactam,0.7730731817915862,0.4793154333813662,0.7803069780878824,0.418666859334648,0.007233796296296169,-0.060648574046718196,3396,3396
0,Citrobacter koseri,citrobacter_koseri,binary,851,557,111,446,6,Ceftazidime;Ceftriaxone;Ciprofloxacin;Cotrimoxazole;Gentamicin;Piperacillin-Tazobactam,0.883800627210249,0.45631279509266864,0.894954293721225,0.5328942114010533,0.011153666510976046,0.07658141630838466,2491,2491
0,Citrobacter koseri,citrobacter_koseri,multilabel,851,557,111,446,6,Ceftazidime;Ceftriaxone;Ciprofloxacin;Cotrimoxazole;Gentamicin;Piperacillin-Tazobactam,0.19711883632481486,0.5621855575432678,0.5059951958363915,0.522575427685793,0.30887635951157666,-0.03961012985747481,2491,2491
0,Enterobacter cloacae complex,enterobacter_cloacae_complex,binary,1607,1930,386,1544,9,Ceftazidime;Ceftriaxone;Ciprofloxacin;Cotrimoxazole;Fosfomycin;Gentamicin;Imipenem;Meropenem;Piperacillin-Tazobactam,0.5264902900547864,0.484383266308597,0.7982577045687451,0.5586855140553258,0.2717674145139587,0.07430224774672883,12216,12216
0,Enterobacter cloacae complex,enterobacter_cloacae_complex,multilabel,1607,1930,386,1544,9,Ceftazidime;Ceftriaxone;Ciprofloxacin;Cotrimoxazole;Fosfomycin;Gentamicin;Imipenem;Meropenem;Piperacillin-Tazobactam,0.6891480343705952,0.47243482573402457,0.811450770033014,0.4065778018726234,0.12230273566241878,-0.06585702386140119,12216,12216
0,Enterococcus faecalis,enterococcus_faecalis,binary,4632,5252,1050,4202,5,Ampicillin;Imipenem;Linezolid;Nitrofurantoin;Vancomycin,0.9292359284083244,0.5079437637410443,0.8473595558172915,0.5142450672429336,-0.08187637259103286,0.006301303501889288,18610,18610
0,Enterococcus faecalis,enterococcus_faecalis,multilabel,4632,5252,1050,4202,5,Ampicillin;Imipenem;Linezolid;Nitrofurantoin;Vancomycin,0.9200342473991487,0.44488050865652584,0.9361906094059181,0.49306822156212216,0.016156362006769398,0.048187712905596314,18610,18610
0,Enterococcus faecium,enterococcus_faecium,binary,2238,3088,617,2471,5,Ampicillin;Imipenem;Linezolid;Teicoplanin;Vancomycin,0.8063292479649983,0.5512192844961423,0.9302163609077008,0.5925914978155815,0.1238871129427025,0.04137221331943919,9989,9989
0,Enterococcus faecium,enterococcus_faecium,multilabel,2238,3088,617,2471,5,Ampicillin;Imipenem;Linezolid;Teicoplanin;Vancomycin,0.9235312523618147,0.5951040463183747,0.9249357378786482,0.5563566983209312,0.0014044855168335868,-0.038747347997443504,9989,9989
0,Escherichia coli,escherichia_coli,binary,7729,11877,2375,9502,11,Ampicillin;Ceftazidime;Ceftriaxone;Ciprofloxacin;Cotrimoxazole;Fosfomycin;Gentamicin;Imipenem;Meropenem;Nitrofurantoin;Piperacillin-Tazobactam,0.4498558247980757,0.46935944833624016,0.8345356829722741,0.5971451431557739,0.3846798581741984,0.12778569481953378,87850,87850
0,Escherichia coli,escherichia_coli,multilabel,7729,11877,2375,9502,11,Ampicillin;Ceftazidime;Ceftriaxone;Ciprofloxacin;Cotrimoxazole;Fosfomycin;Gentamicin;Imipenem;Meropenem;Nitrofurantoin;Piperacillin-Tazobactam,0.5277800557731158,0.5106515414472099,0.8286413634609581,0.628659946173098,0.30086130768784225,0.11800840472588803,87850,87850
0,Haemophilus influenzae,haemophilus_influenzae,binary,842,224,44,180,2,Ampicillin;Levofloxacin,0.31185667752442997,0.7501121396334163,0.29618892508143324,0.6954220779220779,-0.01566775244299673,-0.05469006171133839,357,357
0,Haemophilus influenzae,haemophilus_influenzae,multilabel,842,224,44,180,2,Ampicillin;Levofloxacin,0.28280130293159605,0.543733075435203,0.8161237785016285,0.6034979736575482,0.5333224755700325,0.05976489822234521,357,357
0,Klebsiella oxytoca,klebsiella_oxytoca,binary,1239,1593,318,1275,7,Ceftazidime;Ceftriaxone;Ciprofloxacin;Cotrimoxazole;Fosfomycin;Gentamicin;Piperacillin-Tazobactam,0.30305787779934934,0.4816262425247884,0.7205101452337873,0.5153681372857657,0.417452267434438,0.033741894760977276,7534,7534
0,Klebsiella oxytoca,klebsiella_oxytoca,multilabel,1239,1593,318,1275,7,Ceftazidime;Ceftriaxone;Ciprofloxacin;Cotrimoxazole;Fosfomycin;Gentamicin;Piperacillin-Tazobactam,0.2500593374954483,0.4746366806703874,0.556828654570245,0.4479800385965526,0.3067693170747967,-0.02665664207383478,7534,7534
0,Klebsiella pneumoniae,klebsiella_pneumoniae,binary,19265,4051,810,3241,11,Ampicillin;Ceftazidime;Ceftriaxone;Ciprofloxacin;Cotrimoxazole;Ertapenem;Fosfomycin;Gentamicin;Imipenem;Meropenem;Piperacillin-Tazobactam,0.5616150915301374,0.4908801542792224,0.828014938754769,0.6812695976879701,0.2663998472246315,0.19038944340874775,29057,29057
0,Klebsiella pneumoniae,klebsiella_pneumoniae,multilabel,19265,4051,810,3241,11,Ampicillin;Ceftazidime;Ceftriaxone;Ciprofloxacin;Cotrimoxazole;Ertapenem;Fosfomycin;Gentamicin;Imipenem;Meropenem;Piperacillin-Tazobactam,0.6935522345062839,0.3332701347314853,0.8400251573821451,0.6894599037918987,0.14647292287586122,0.3561897690604134,29057,29057
0,Morganella morganii,morganella_morganii,binary,813,528,105,423,6,Ceftazidime;Ceftriaxone;Ciprofloxacin;Cotrimoxazole;Gentamicin;Piperacillin-Tazobactam,0.39930823357397427,0.46148253042143095,0.7089915927990497,0.49997598633783175,0.3096833592250754,0.0384934559164008,2385,2385
0,Morganella morganii,morganella_morganii,multilabel,813,528,105,423,6,Ceftazidime;Ceftriaxone;Ciprofloxacin;Cotrimoxazole;Gentamicin;Piperacillin-Tazobactam,0.37403180115142104,0.47007458206625213,0.6319405099150143,0.46485317736930215,0.25790870876359323,-0.005221404696949983,2385,2385
0,Proteus mirabilis,proteus_mirabilis,binary,2372,2515,503,2012,9,Ampicillin;Ceftazidime;Ceftriaxone;Ciprofloxacin;Cotrimoxazole;Fosfomycin;Gentamicin;Meropenem;Piperacillin-Tazobactam,0.3508736285494429,0.5762049992998826,0.7811429312443765,0.6183099822969644,0.43026930269493363,0.042104982997081875,15842,15842
0,Proteus mirabilis,proteus_mirabilis,multilabel,2372,2515,503,2012,9,Ampicillin;Ceftazidime;Ceftriaxone;Ciprofloxacin;Cotrimoxazole;Fosfomycin;Gentamicin;Meropenem;Piperacillin-Tazobactam,0.7673842358692472,0.5921144562359575,0.8599084828077448,0.6352154386135909,0.09252424693849759,0.04310098237763338,15842,15842
0,Proteus vulgaris,proteus_vulgaris,binary,435,474,94,380,5,Ceftazidime;Ciprofloxacin;Cotrimoxazole;Fosfomycin;Gentamicin,0.1836665835182292,0.48549798629624397,0.42151268888918064,0.545678496829475,0.23784610537095144,0.060180510533231035,1586,1586
0,Proteus vulgaris,proteus_vulgaris,multilabel,435,474,94,380,5,Ceftazidime;Ciprofloxacin;Cotrimoxazole;Fosfomycin;Gentamicin,0.7604694823353333,0.48392362782538,0.8066037364282056,0.42138708944281567,0.04613425409287231,-0.06253653838256434,1586,1586
0,Pseudomonas aeruginosa,pseudomonas_aeruginosa,binary,5355,4266,853,3413,5,Amikacin;Cefepime;Ceftolozane-Tazobactam;Meropenem;Tobramycin,0.6986000506629308,0.5660284038715542,0.8202669832899441,0.5097175198732987,0.12166693262701322,-0.05631088399825546,13190,13190
0,Pseudomonas aeruginosa,pseudomonas_aeruginosa,multilabel,5355,4266,853,3413,5,Amikacin;Cefepime;Ceftolozane-Tazobactam;Meropenem;Tobramycin,0.6898100714304136,0.4464107964564075,0.8066994720145219,0.4503144781609558,0.11688940058410824,0.0039036817045483008,13190,13190
0,Serratia marcescens,serratia_marcescens,binary,1253,1040,208,832,8,Ceftazidime;Ceftriaxone;Ciprofloxacin;Cotrimoxazole;Fosfomycin;Gentamicin;Imipenem;Piperacillin-Tazobactam,0.7162721209046071,0.5384961870426697,0.803437792215619,0.5370068324250517,0.08716567131101183,-0.0014893546176180106,5783,5783
0,Serratia marcescens,serratia_marcescens,multilabel,1253,1040,208,832,8,Ceftazidime;Ceftriaxone;Ciprofloxacin;Cotrimoxazole;Fosfomycin;Gentamicin;Imipenem;Piperacillin-Tazobactam,0.3277451500712496,0.5787808998880295,0.5287615501109082,0.5459932755769736,0.2010164000396586,-0.03278762431105586,5783,5783
0,Staphylococcus aureus,staphylococcus_aureus,binary,7241,7515,1503,6012,12,Clindamycin;Cotrimoxazole;Erythromycin;Fosfomycin;Fusidic acid;Gentamicin;Levofloxacin;Mupirocin;Oxacillin;Rifampicin;Tetracycline;Tigecycline,0.6707337547352344,0.5215236230649201,0.8596853217296507,0.5439064833487994,0.1889515669944163,0.02238286028387937,61095,61095
0,Staphylococcus aureus,staphylococcus_aureus,multilabel,7241,7515,1503,6012,12,Clindamycin;Cotrimoxazole;Erythromycin;Fosfomycin;Fusidic acid;Gentamicin;Levofloxacin;Mupirocin;Oxacillin;Rifampicin;Tetracycline;Tigecycline,0.7732934240889958,0.5161131202792127,0.8613817217292856,0.5223877658284596,0.0880882976402898,0.006274645549246838,61095,61095
0,Staphylococcus capitis,staphylococcus_capitis,binary,419,518,103,415,7,Clindamycin;Cotrimoxazole;Erythromycin;Gentamicin;Oxacillin;Rifampicin;Tetracycline,0.5916002604670355,0.4644249077506717,0.5849370752904465,0.4532496675395987,-0.006663185176589037,-0.011175240211072968,2840,2840
0,Staphylococcus capitis,staphylococcus_capitis,multilabel,419,518,103,415,7,Clindamycin;Cotrimoxazole;Erythromycin;Gentamicin;Oxacillin;Rifampicin;Tetracycline,0.39950635909206184,0.4978213971451734,0.45033074155738656,0.4249056522546467,0.050824382465324724,-0.07291574489052671,2840,2840
0,Staphylococcus epidermidis,staphylococcus_epidermidis,binary,5731,3731,746,2985,12,Clindamycin;Cotrimoxazole;Erythromycin;Fosfomycin;Gentamicin;Levofloxacin;Linezolid;Oxacillin;Rifampicin;Tetracycline;Tigecycline;Vancomycin,0.6131959784486657,0.5623682601001618,0.838414677712167,0.5776207065887419,0.22521869926350135,0.01525244648858004,35467,35467
0,Staphylococcus epidermidis,staphylococcus_epidermidis,multilabel,5731,3731,746,2985,12,Clindamycin;Cotrimoxazole;Erythromycin;Fosfomycin;Gentamicin;Levofloxacin;Linezolid;Oxacillin;Rifampicin;Tetracycline;Tigecycline;Vancomycin,0.6659582806077279,0.5242618482788333,0.8338983355915881,0.5096196919108357,0.16794005498386022,-0.014642156367997594,35467,35467
0,Staphylococcus haemolyticus,staphylococcus_haemolyticus,binary,301,504,100,404,9,Clindamycin;Cotrimoxazole;Erythromycin;Gentamicin;Levofloxacin;Oxacillin;Rifampicin;Tetracycline;Tigecycline,0.6959136481322897,0.6003193349130915,0.7579429019996694,0.6471617401532813,0.062029253867379675,0.04684240524018979,3601,3601
0,Staphylococcus haemolyticus,staphylococcus_haemolyticus,multilabel,301,504,100,404,9,Clindamycin;Cotrimoxazole;Erythromycin;Gentamicin;Levofloxacin;Oxacillin;Rifampicin;Tetracycline;Tigecycline,0.5636414967723842,0.6608847998378301,0.7692595889484833,0.6179371781901114,0.20561809217609917,-0.0429476216477187,3601,3601
0,Staphylococcus hominis,staphylococcus_hominis,binary,780,635,127,508,9,Clindamycin;Cotrimoxazole;Erythromycin;Fosfomycin;Gentamicin;Levofloxacin;Oxacillin;Rifampicin;Tetracycline,0.5473043600518769,0.5466592209620857,0.7408520352753636,0.5552695524192118,0.1935476752234867,0.008610331457126086,4535,4535
0,Staphylococcus hominis,staphylococcus_hominis,multilabel,780,635,127,508,9,Clindamycin;Cotrimoxazole;Erythromycin;Fosfomycin;Gentamicin;Levofloxacin;Oxacillin;Rifampicin;Tetracycline,0.7067924127372517,0.5363077842650992,0.7832457999765938,0.5149945755501582,0.07645338723934214,-0.021313208714941023,4535,4535
0,Staphylococcus lugdunensis,staphylococcus_lugdunensis,binary,479,322,64,258,6,Clindamycin;Cotrimoxazole;Erythromycin;Levofloxacin;Oxacillin;Tetracycline,0.521487530887997,0.5342139514045182,0.6067997406284502,0.5625691581890575,0.08531220974045317,0.02835520678453929,1542,1542
0,Staphylococcus lugdunensis,staphylococcus_lugdunensis,multilabel,479,322,64,258,6,Clindamycin;Cotrimoxazole;Erythromycin;Levofloxacin;Oxacillin;Tetracycline,0.7613483815565797,0.5226502570467844,0.7694467324442265,0.5255283766816513,0.008098350887646766,0.002878119634866949,1542,1542
0,Stenotrophomonas maltophilia,stenotrophomonas_maltophilia,binary,656,544,108,436,0,,,,,,,,0,0
0,Stenotrophomonas maltophilia,stenotrophomonas_maltophilia,multilabel,656,544,108,436,0,,,,,,,,0,0
0,Streptococcus pneumoniae,streptococcus_pneumoniae,binary,500,77,15,62,5,Azithromycin;Clarithromycin;Clindamycin;Erythromycin;Moxifloxacin,0.5378296146044624,0.5408734760630389,0.5028397565922922,0.5059299732381802,-0.03498985801217025,-0.034943502824858697,307,307
0,Streptococcus pneumoniae,streptococcus_pneumoniae,multilabel,500,77,15,62,5,Azithromycin;Clarithromycin;Clindamycin;Erythromycin;Moxifloxacin,0.5376267748478701,0.4895926256318763,0.5538539553752535,0.5197056199821588,0.016227180527383367,0.03011299435028253,307,307
1,Candida albicans,candida_albicans,binary,315,1603,320,1283,2,Caspofungin;Micafungin,0.36031584309729997,0.5650313622397076,0.3677534386143657,0.5689987439533291,0.007437595517065743,0.003967381713621432,1968,1968
1,Candida albicans,candida_albicans,multilabel,315,1603,320,1283,2,Caspofungin;Micafungin,0.6644421803362202,0.5701932858596135,0.6230259806418748,0.522311307534204,-0.0414161996943454,-0.047881978325409524,1968,1968
1,Citrobacter freundii,citrobacter_freundii,binary,647,551,110,441,8,Ceftazidime;Ceftriaxone;Ciprofloxacin;Cotrimoxazole;Gentamicin;Imipenem;Meropenem;Piperacillin-Tazobactam,0.3885646516757955,0.4904306422021864,0.5934196434859034,0.5888971342645998,0.20485499181010786,0.09846649206241337,3397,3397
1,Citrobacter freundii,citrobacter_freundii,multilabel,647,551,110,441,8,Ceftazidime;Ceftriaxone;Ciprofloxacin;Cotrimoxazole;Gentamicin;Imipenem;Meropenem;Piperacillin-Tazobactam,0.7382001077352639,0.48105483816849226,0.7933558985971552,0.44545806560952605,0.05515579086189126,-0.035596772558966205,3397,3397
1,Citrobacter koseri,citrobacter_koseri,binary,851,557,111,446,6,Ceftazidime;Ceftriaxone;Ciprofloxacin;Cotrimoxazole;Gentamicin;Piperacillin-Tazobactam,0.8786360881751383,0.5090970534297791,0.8839170733818866,0.5425828929968796,0.0052809852067483565,0.033485839567100495,2493,2493
1,Citrobacter koseri,citrobacter_koseri,multilabel,851,557,111,446,6,Ceftazidime;Ceftriaxone;Ciprofloxacin;Cotrimoxazole;Gentamicin;Piperacillin-Tazobactam,0.5800703680457109,0.4899415867727927,0.871953693984222,0.48338259248416504,0.2918833259385111,-0.006558994288627662,2493,2493
1,Enterobacter cloacae complex,enterobacter_cloacae_complex,binary,1607,1930,386,1544,8,Ceftazidime;Ceftriaxone;Ciprofloxacin;Cotrimoxazole;Fosfomycin;Gentamicin;Imipenem;Piperacillin-Tazobactam,0.31617494201440643,0.4865942253535868,0.7049593860635944,0.5909617272557455,0.388784444049188,0.10436750190215865,10666,10666
1,Enterobacter cloacae complex,enterobacter_cloacae_complex,multilabel,1607,1930,386,1544,8,Ceftazidime;Ceftriaxone;Ciprofloxacin;Cotrimoxazole;Fosfomycin;Gentamicin;Imipenem;Piperacillin-Tazobactam,0.5854125368964515,0.4977806179961427,0.7721945358161524,0.4162920966783291,0.18678199891970093,-0.08148852131781359,10666,10666
1,Enterococcus faecalis,enterococcus_faecalis,binary,4632,5252,1050,4202,5,Ampicillin;Imipenem;Linezolid;Nitrofurantoin;Vancomycin,0.9255374710105813,0.584587248359017,0.9444460336169187,0.5145961515493147,0.018908562606337442,-0.06999109680970228,18605,18605
1,Enterococcus faecalis,enterococcus_faecalis,multilabel,4632,5252,1050,4202,5,Ampicillin;Imipenem;Linezolid;Nitrofurantoin;Vancomycin,0.9113120134234268,0.5061706947438938,0.9359542052963385,0.5076441508974935,0.024642191872911723,0.0014734561535997281,18605,18605
1,Enterococcus faecium,enterococcus_faecium,binary,2238,3088,617,2471,5,Ampicillin;Imipenem;Linezolid;Teicoplanin;Vancomycin,0.9245976919289021,0.5679264654607042,0.9356026279830185,0.5909580824762432,0.011004936054116454,0.023031617015538908,9990,9990
1,Enterococcus faecium,enterococcus_faecium,multilabel,2238,3088,617,2471,5,Ampicillin;Imipenem;Linezolid;Teicoplanin;Vancomycin,0.9355872603647015,0.6181267764489106,0.9241886768567733,0.5405393172429511,-0.011398583507928217,-0.07758745920595944,9990,9990
1,Escherichia coli,escherichia_coli,binary,7729,11877,2375,9502,12,Ampicillin;Ceftazidime;Ceftriaxone;Ciprofloxacin;Cotrimoxazole;Ertapenem;Fosfomycin;Gentamicin;Imipenem;Meropenem;Nitrofurantoin;Piperacillin-Tazobactam,0.5071192620873556,0.5057053517707694,0.8344836007510938,0.6136225748592089,0.32736433866373826,0.10791722308843954,88500,88500
1,Escherichia coli,escherichia_coli,multilabel,7729,11877,2375,9502,12,Ampicillin;Ceftazidime;Ceftriaxone;Ciprofloxacin;Cotrimoxazole;Ertapenem;Fosfomycin;Gentamicin;Imipenem;Meropenem;Nitrofurantoin;Piperacillin-Tazobactam,0.4845854330380869,0.5268340600424243,0.829433325426335,0.6179225269816947,0.3448478923882481,0.09108846693927042,88500,88500
1,Haemophilus influenzae,haemophilus_influenzae,binary,842,224,44,180,3,Ampicillin;Ciprofloxacin;Levofloxacin,0.7956967213114754,0.3951292586885808,0.8260245901639345,0.4006974167284902,0.030327868852459083,0.005568158039909399,538,538
1,Haemophilus influenzae,haemophilus_influenzae,multilabel,842,224,44,180,3,Ampicillin;Ciprofloxacin;Levofloxacin,0.512889344262295,0.4718298807281858,0.5230327868852459,0.4482902233255341,0.01014344262295086,-0.023539657402651737,538,538
1,Klebsiella oxytoca,klebsiella_oxytoca,binary,1239,1593,318,1275,7,Ceftazidime;Ceftriaxone;Ciprofloxacin;Cotrimoxazole;Fosfomycin;Gentamicin;Piperacillin-Tazobactam,0.5116505967419851,0.469274657973988,0.7906033464904219,0.5061403141787598,0.27895274974843676,0.036865656204771835,7530,7530
1,Klebsiella oxytoca,klebsiella_oxytoca,multilabel,1239,1593,318,1275,7,Ceftazidime;Ceftriaxone;Ciprofloxacin;Cotrimoxazole;Fosfomycin;Gentamicin;Piperacillin-Tazobactam,0.8639134186726815,0.5013933861840721,0.8602449897661321,0.4518315932437002,-0.0036684289065493925,-0.04956179294037194,7530,7530
1,Klebsiella pneumoniae,klebsiella_pneumoniae,binary,19265,4051,810,3241,11,Ampicillin;Ceftazidime;Ceftriaxone;Ciprofloxacin;Cotrimoxazole;Ertapenem;Fosfomycin;Gentamicin;Imipenem;Meropenem;Piperacillin-Tazobactam,0.6236842627119452,0.4073477967553382,0.8254951513957378,0.6863633905798907,0.2018108886837926,0.2790155938245525,29055,29055
1,Klebsiella pneumoniae,klebsiella_pneumoniae,multilabel,19265,4051,810,3241,11,Ampicillin;Ceftazidime;Ceftriaxone;Ciprofloxacin;Cotrimoxazole;Ertapenem;Fosfomycin;Gentamicin;Imipenem;Meropenem;Piperacillin-Tazobactam,0.6335069978004466,0.3731801032572729,0.8347172639486371,0.704665340039671,0.2012102661481905,0.33148523678239805,29055,29055
1,Morganella morganii,morganella_morganii,binary,813,528,105,423,7,Ceftazidime;Ceftriaxone;Ciprofloxacin;Cotrimoxazole;Gentamicin;Imipenem;Piperacillin-Tazobactam,0.7114101166286716,0.4789859110768723,0.8304641468706293,0.4627154668720876,0.11905403024195771,-0.016270444204784684,2796,2796
1,Morganella morganii,morganella_morganii,multilabel,813,528,105,423,7,Ceftazidime;Ceftriaxone;Ciprofloxacin;Cotrimoxazole;Gentamicin;Imipenem;Piperacillin-Tazobactam,0.7000195482428608,0.4921139289514645,0.795609079195163,0.4253817520609697,0.09558953095230216,-0.06673217689049482,2796,2796
1,Proteus mirabilis,proteus_mirabilis,binary,2372,2515,503,2012,8,Ampicillin;Ceftazidime;Ceftriaxone;Ciprofloxacin;Cotrimoxazole;Fosfomycin;Gentamicin;Piperacillin-Tazobactam,0.770998436200982,0.4936256114318085,0.8291997083563096,0.5230867729507067,0.058201272155327666,0.029461161518898216,13843,13843
1,Proteus mirabilis,proteus_mirabilis,multilabel,2372,2515,503,2012,8,Ampicillin;Ceftazidime;Ceftriaxone;Ciprofloxacin;Cotrimoxazole;Fosfomycin;Gentamicin;Piperacillin-Tazobactam,0.5411212475158401,0.5105163225309195,0.8260094708784665,0.5165572776441318,0.2848882233626264,0.006040955113212343,13843,13843
1,Proteus vulgaris,proteus_vulgaris,binary,435,474,94,380,4,Ceftazidime;Ciprofloxacin;Cotrimoxazole;Gentamicin,0.5415475631975736,0.4782567423200929,0.7955025257208942,0.5132662543102974,0.2539549625233206,0.03500951199020447,1516,1516
1,Proteus vulgaris,proteus_vulgaris,multilabel,435,474,94,380,4,Ceftazidime;Ciprofloxacin;Cotrimoxazole;Gentamicin,0.16298673314640452,0.44379234139774737,0.8395430790883402,0.46140638026287983,0.6765563459419357,0.017614038865132464,1516,1516
1,Pseudomonas aeruginosa,pseudomonas_aeruginosa,binary,5355,4266,853,3413,4,Amikacin;Ceftolozane-Tazobactam;Meropenem;Tobramycin,0.5069557791505684,0.5053968151567704,0.701220469201557,0.6053513970981544,0.19426469005098856,0.09995458194138407,9966,9966
1,Pseudomonas aeruginosa,pseudomonas_aeruginosa,multilabel,5355,4266,853,3413,4,Amikacin;Ceftolozane-Tazobactam;Meropenem;Tobramycin,0.3408577457178019,0.46364874495219693,0.6929685413601034,0.5835042799971715,0.3521107956423015,0.11985553504497454,9966,9966
1,Serratia marcescens,serratia_marcescens,binary,1253,1040,208,832,8,Ceftazidime;Ceftriaxone;Ciprofloxacin;Cotrimoxazole;Fosfomycin;Gentamicin;Imipenem;Piperacillin-Tazobactam,0.8122572342725795,0.5496715229595187,0.8266445734433286,0.5627360342090055,0.014387339170749192,0.013064511249486821,5778,5778
1,Serratia marcescens,serratia_marcescens,multilabel,1253,1040,208,832,8,Ceftazidime;Ceftriaxone;Ciprofloxacin;Cotrimoxazole;Fosfomycin;Gentamicin;Imipenem;Piperacillin-Tazobactam,0.6035599146789259,0.59338680716533,0.7842606480895287,0.5490005215944265,0.18070073341060278,-0.044386285570903516,5778,5778
1,Staphylococcus aureus,staphylococcus_aureus,binary,7241,7515,1503,6012,13,Clindamycin;Cotrimoxazole;Erythromycin;Fosfomycin;Fusidic acid;Gentamicin;Levofloxacin;Moxifloxacin;Mupirocin;Oxacillin;Rifampicin;Tetracycline;Tigecycline,0.832054244714515,0.5231710067376183,0.8589948701997424,0.5542304767259838,0.026940625485227465,0.031059469988365507,61102,61102
1,Staphylococcus aureus,staphylococcus_aureus,multilabel,7241,7515,1503,6012,13,Clindamycin;Cotrimoxazole;Erythromycin;Fosfomycin;Fusidic acid;Gentamicin;Levofloxacin;Moxifloxacin;Mupirocin;Oxacillin;Rifampicin;Tetracycline;Tigecycline,0.7106502885502989,0.5383721395256408,0.8571195981170507,0.4992283217357826,0.14646930956675186,-0.039143817789858204,61102,61102
1,Staphylococcus capitis,staphylococcus_capitis,binary,419,518,103,415,6,Clindamycin;Cotrimoxazole;Erythromycin;Gentamicin;Oxacillin;Tetracycline,0.6380893852270252,0.5119028778871965,0.6579611775896285,0.5039643553577408,0.01987179236260328,-0.007938522529455705,2446,2446
1,Staphylococcus capitis,staphylococcus_capitis,multilabel,419,518,103,415,6,Clindamycin;Cotrimoxazole;Erythromycin;Gentamicin;Oxacillin;Tetracycline,0.5673755533896214,0.5551445803064756,0.5504904013893293,0.4843789181093329,-0.01688515200029217,-0.0707656621971427,2446,2446
1,Staphylococcus epidermidis,staphylococcus_epidermidis,binary,5731,3731,746,2985,11,Clindamycin;Cotrimoxazole;Erythromycin;Fosfomycin;Gentamicin;Levofloxacin;Linezolid;Oxacillin;Rifampicin;Tetracycline;Tigecycline,0.7072499905525473,0.5933635352570531,0.8131951940507619,0.622925482506968,0.10594520349821457,0.0295619472499149,32501,32501
1,Staphylococcus epidermidis,staphylococcus_epidermidis,multilabel,5731,3731,746,2985,11,Clindamycin;Cotrimoxazole;Erythromycin;Fosfomycin;Gentamicin;Levofloxacin;Linezolid;Oxacillin;Rifampicin;Tetracycline;Tigecycline,0.6745255036026714,0.5867958283572301,0.8112846274620205,0.5596793253155489,0.13675912385934907,-0.027116503041681228,32501,32501
1,Staphylococcus haemolyticus,staphylococcus_haemolyticus,binary,301,504,100,404,10,Clindamycin;Cotrimoxazole;Erythromycin;Fosfomycin;Gentamicin;Levofloxacin;Oxacillin;Rifampicin;Tetracycline;Tigecycline,0.6736536093691461,0.643198403361839,0.7780973719506304,0.6387587092979354,0.10444376258148436,-0.004439694063903543,3998,3998
1,Staphylococcus haemolyticus,staphylococcus_haemolyticus,multilabel,301,504,100,404,10,Clindamycin;Cotrimoxazole;Erythromycin;Fosfomycin;Gentamicin;Levofloxacin;Oxacillin;Rifampicin;Tetracycline;Tigecycline,0.5073275978302445,0.6941168372311276,0.7654397671379811,0.6361338622290105,0.2581121693077366,-0.05798297500211713,3998,3998
1,Staphylococcus hominis,staphylococcus_hominis,binary,780,635,127,508,9,Clindamycin;Cotrimoxazole;Erythromycin;Fosfomycin;Gentamicin;Levofloxacin;Oxacillin;Rifampicin;Tetracycline,0.7366905247308975,0.5240861510386468,0.7814937236721492,0.5465087802566865,0.04480319894125173,0.022422629218039725,4532,4532
1,Staphylococcus hominis,staphylococcus_hominis,multilabel,780,635,127,508,9,Clindamycin;Cotrimoxazole;Erythromycin;Fosfomycin;Gentamicin;Levofloxacin;Oxacillin;Rifampicin;Tetracycline,0.7329037296739602,0.5387261858161019,0.7931378162838482,0.5258274128284048,0.06023408660988794,-0.012898772987697038,4532,4532
1,Staphylococcus lugdunensis,staphylococcus_lugdunensis,binary,479,322,64,258,5,Clindamycin;Erythromycin;Levofloxacin;Oxacillin;Tetracycline,0.6021061116414791,0.577174501531154,0.51707359907776,0.6014967834448856,-0.08503251256371913,0.024322281913731536,1284,1284
1,Staphylococcus lugdunensis,staphylococcus_lugdunensis,multilabel,479,322,64,258,5,Clindamycin;Erythromycin;Levofloxacin;Oxacillin;Tetracycline,0.7491421546553308,0.5614096929996945,0.7587540753282778,0.583501043699471,0.009611920672946916,0.022091350699776524,1284,1284
1,Stenotrophomonas maltophilia,stenotrophomonas_maltophilia,binary,656,544,108,436,0,,,,,,,,0,0
1,Stenotrophomonas maltophilia,stenotrophomonas_maltophilia,multilabel,656,544,108,436,0,,,,,,,,0,0
1,Streptococcus pneumoniae,streptococcus_pneumoniae,binary,500,77,15,62,1,Moxifloxacin,0.49166666666666664,0.49166666666666664,0.5125,0.5125,0.020833333333333315,0.020833333333333315,62,62
1,Streptococcus pneumoniae,streptococcus_pneumoniae,multilabel,500,77,15,62,1,Moxifloxacin,0.46249999999999997,0.46249999999999997,0.5125,0.5125,0.04999999999999999,0.04999999999999999,62,62
2,Candida albicans,candida_albicans,binary,315,1603,320,1283,2,Caspofungin;Voriconazole,0.5327878643096035,0.4939633682512624,0.524526198439242,0.4817694892974649,-0.008261665870361479,-0.012193878953797532,2105,2105
2,Candida albicans,candida_albicans,multilabel,315,1603,320,1283,2,Caspofungin;Voriconazole,0.44109332696289216,0.40659522696653927,0.4566013696448479,0.4427612396584929,0.015508042681955714,0.03616601269195363,2105,2105
2,Citrobacter freundii,citrobacter_freundii,binary,647,551,110,441,7,Ceftazidime;Ceftriaxone;Ciprofloxacin;Cotrimoxazole;Gentamicin;Imipenem;Piperacillin-Tazobactam,0.5525595753139544,0.4852323637271128,0.6430383827720186,0.5880673436997085,0.09047880745806425,0.10283497997259566,2957,2957
2,Citrobacter freundii,citrobacter_freundii,multilabel,647,551,110,441,7,Ceftazidime;Ceftriaxone;Ciprofloxacin;Cotrimoxazole;Gentamicin;Imipenem;Piperacillin-Tazobactam,0.4045046610117586,0.4609098150876639,0.5379473507791367,0.4199793735442447,0.1334426897673781,-0.04093044154341918,2957,2957
2,Citrobacter koseri,citrobacter_koseri,binary,851,557,111,446,6,Ceftazidime;Ceftriaxone;Ciprofloxacin;Cotrimoxazole;Gentamicin;Piperacillin-Tazobactam,0.7568045007478343,0.4294853992446326,0.8880250035674081,0.5230772706013493,0.13122050281957376,0.09359187135671676,2492,2492
2,Citrobacter koseri,citrobacter_koseri,multilabel,851,557,111,446,6,Ceftazidime;Ceftriaxone;Ciprofloxacin;Cotrimoxazole;Gentamicin;Piperacillin-Tazobactam,0.7415379757204843,0.435430823426562,0.8817093698635928,0.5103162600430907,0.14017139414310853,0.07488543661652874,2492,2492
2,Enterobacter cloacae complex,enterobacter_cloacae_complex,binary,1607,1930,386,1544,9,Ceftazidime;Ceftriaxone;Ciprofloxacin;Cotrimoxazole;Fosfomycin;Gentamicin;Imipenem;Meropenem;Piperacillin-Tazobactam,0.4301811791256044,0.48230752549791894,0.7718687660503702,0.5608999931121562,0.34168758692476586,0.07859246761423727,12225,12225
2,Enterobacter cloacae complex,enterobacter_cloacae_complex,multilabel,1607,1930,386,1544,9,Ceftazidime;Ceftriaxone;Ciprofloxacin;Cotrimoxazole;Fosfomycin;Gentamicin;Imipenem;Meropenem;Piperacillin-Tazobactam,0.740666096656554,0.44644905340300917,0.8056041018088437,0.4019644683522776,0.06493800515228965,-0.04448458505073155,12225,12225
2,Enterococcus faecalis,enterococcus_faecalis,binary,4632,5252,1050,4202,4,Ampicillin;Imipenem;Nitrofurantoin;Vancomycin,0.903528947890342,0.48749041271174076,0.9392768103998739,0.5435655407191919,0.03574786250953188,0.05607512800745118,14481,14481
2,Enterococcus faecalis,enterococcus_faecalis,multilabel,4632,5252,1050,4202,4,Ampicillin;Imipenem;Nitrofurantoin;Vancomycin,0.8874393945776874,0.5380080893513697,0.9197195122124393,0.5654508849266817,0.032280117634751915,0.02744279557531204,14481,14481
2,Enterococcus faecium,enterococcus_faecium,binary,2238,3088,617,2471,5,Ampicillin;Imipenem;Linezolid;Teicoplanin;Vancomycin,0.7811173886968861,0.6001963636507948,0.9180319368287286,0.6095785829151497,0.13691454813184256,0.009382219264354896,9998,9998
2,Enterococcus faecium,enterococcus_faecium,multilabel,2238,3088,617,2471,5,Ampicillin;Imipenem;Linezolid;Teicoplanin;Vancomycin,0.8102679035331738,0.6075730025091225,0.9281945488254344,0.5425058573886521,0.1179266452922606,-0.0650671451204704,9998,9998
2,Escherichia coli,escherichia_coli,binary,7729,11877,2375,9502,12,Ampicillin;Ceftazidime;Ceftriaxone;Ciprofloxacin;Cotrimoxazole;Ertapenem;Fosfomycin;Gentamicin;Imipenem;Meropenem;Nitrofurantoin;Piperacillin-Tazobactam,0.549262668070317,0.5201437767244659,0.8237332349326879,0.6245975149951656,0.2744705668623709,0.1044537382706997,88491,88491
2,Escherichia coli,escherichia_coli,multilabel,7729,11877,2375,9502,12,Ampicillin;Ceftazidime;Ceftriaxone;Ciprofloxacin;Cotrimoxazole;Ertapenem;Fosfomycin;Gentamicin;Imipenem;Meropenem;Nitrofurantoin;Piperacillin-Tazobactam,0.48216282816327366,0.5360339804051778,0.8306357680577073,0.6024964646294177,0.3484729398944337,0.06646248422423995,88491,88491
2,Haemophilus influenzae,haemophilus_influenzae,binary,842,224,44,180,3,Ampicillin;Ciprofloxacin;Levofloxacin,0.19952418715305317,0.4566038521451851,0.21687153053132435,0.5168203983278354,0.01734734337827118,0.06021654618265032,537,537
2,Haemophilus influenzae,haemophilus_influenzae,multilabel,842,224,44,180,3,Ampicillin;Ciprofloxacin;Levofloxacin,0.21778350515463918,0.5538083257798646,0.22325535289452814,0.5020040683477468,0.0054718477398889576,-0.051804257432117806,537,537
2,Klebsiella oxytoca,klebsiella_oxytoca,binary,1239,1593,318,1275,7,Ceftazidime;Ceftriaxone;Ciprofloxacin;Cotrimoxazole;Fosfomycin;Gentamicin;Piperacillin-Tazobactam,0.5982148503967836,0.4605725211145684,0.833090833571755,0.48996349032019376,0.23487598317497138,0.02939096920562534,7537,7537
2,Klebsiella oxytoca,klebsiella_oxytoca,multilabel,1239,1593,318,1275,7,Ceftazidime;Ceftriaxone;Ciprofloxacin;Cotrimoxazole;Fosfomycin;Gentamicin;Piperacillin-Tazobactam,0.7816668925396659,0.516263017414223,0.8416476556892389,0.45094266503190844,0.05998076314957301,-0.06532035238231454,7537,7537
2,Klebsiella pneumoniae,klebsiella_pneumoniae,binary,19265,4051,810,3241,11,Ampicillin;Ceftazidime;Ceftriaxone;Ciprofloxacin;Cotrimoxazole;Ertapenem;Fosfomycin;Gentamicin;Imipenem;Meropenem;Piperacillin-Tazobactam,0.6242950990232258,0.41056666801146613,0.823595138271071,0.6788370479404335,0.19930003924784523,0.2682703799289674,29062,29062
2,Klebsiella pneumoniae,klebsiella_pneumoniae,multilabel,19265,4051,810,3241,11,Ampicillin;Ceftazidime;Ceftriaxone;Ciprofloxacin;Cotrimoxazole;Ertapenem;Fosfomycin;Gentamicin;Imipenem;Meropenem;Piperacillin-Tazobactam,0.7736741470859768,0.3761498023674761,0.8427854977905804,0.7066285636458793,0.06911135070460361,0.33047876127840325,29062,29062
2,Morganella morganii,morganella_morganii,binary,813,528,105,423,6,Ceftazidime;Ceftriaxone;Ciprofloxacin;Cotrimoxazole;Gentamicin;Piperacillin-Tazobactam,0.24956936445907033,0.4815801287035082,0.3637038512957631,0.5133823466018183,0.11413448683669278,0.03180221789831006,2384,2384
2,Morganella morganii,morganella_morganii,multilabel,813,528,105,423,6,Ceftazidime;Ceftriaxone;Ciprofloxacin;Cotrimoxazole;Gentamicin;Piperacillin-Tazobactam,0.5208683779455839,0.48420788832465794,0.6167830331433273,0.4830868469874647,0.09591465519774334,-0.0011210413371932626,2384,2384
2,Proteus mirabilis,proteus_mirabilis,binary,2372,2515,503,2012,8,Ampicillin;Ceftazidime;Ceftriaxone;Ciprofloxacin;Cotrimoxazole;Fosfomycin;Gentamicin;Piperacillin-Tazobactam,0.46398320478502764,0.5098493725915174,0.7180857298762988,0.5203665015020821,0.2541025250912712,0.010517128910564666,13828,13828
2,Proteus mirabilis,proteus_mirabilis,multilabel,2372,2515,503,2012,8,Ampicillin;Ceftazidime;Ceftriaxone;Ciprofloxacin;Cotrimoxazole;Fosfomycin;Gentamicin;Piperacillin-Tazobactam,0.5075846334761025,0.5043850831855118,0.8345885978768348,0.5301730462928179,0.3270039644007323,0.025787963107306133,13828,13828
2,Proteus vulgaris,proteus_vulgaris,binary,435,474,94,380,5,Ceftazidime;Ciprofloxacin;Cotrimoxazole;Fosfomycin;Gentamicin,0.39988569839823296,0.44919195953557367,0.6380809687833058,0.5379882803512872,0.23819527038507282,0.08879632081571354,1585,1585
2,Proteus vulgaris,proteus_vulgaris,multilabel,435,474,94,380,5,Ceftazidime;Ciprofloxacin;Cotrimoxazole;Fosfomycin;Gentamicin,0.16156685871395252,0.4292539818433059,0.6227146115547592,0.4597232763900264,0.46114775284080667,0.030469294546720538,1585,1585
2,Pseudomonas aeruginosa,pseudomonas_aeruginosa,binary,5355,4266,853,3413,4,Amikacin;Ceftolozane-Tazobactam;Meropenem;Tobramycin,0.5970352491898099,0.48340273322857535,0.710745380667847,0.6222533850014362,0.1137101314780371,0.13885065177286088,9936,9936
2,Pseudomonas aeruginosa,pseudomonas_aeruginosa,multilabel,5355,4266,853,3413,4,Amikacin;Ceftolozane-Tazobactam;Meropenem;Tobramycin,0.33846935960776353,0.4680568555749943,0.7244819053197359,0.599215929543928,0.38601254571197235,0.13115907396893367,9936,9936
2,Serratia marcescens,serratia_marcescens,binary,1253,1040,208,832,8,Ceftazidime;Ceftriaxone;Ciprofloxacin;Cotrimoxazole;Fosfomycin;Gentamicin;Imipenem;Piperacillin-Tazobactam,0.4754530603364967,0.5580056676216677,0.7741066026035126,0.5779964145316214,0.2986535422670159,0.019990746909953727,5787,5787
2,Serratia marcescens,serratia_marcescens,multilabel,1253,1040,208,832,8,Ceftazidime;Ceftriaxone;Ciprofloxacin;Cotrimoxazole;Fosfomycin;Gentamicin;Imipenem;Piperacillin-Tazobactam,0.32336717142138427,0.5486882756012178,0.6126286774882505,0.5323321675694033,0.2892615060668662,-0.01635610803181453,5787,5787
2,Staphylococcus aureus,staphylococcus_aureus,binary,7241,7515,1503,6012,12,Clindamycin;Cotrimoxazole;Erythromycin;Fosfomycin;Fusidic acid;Gentamicin;Levofloxacin;Mupirocin;Oxacillin;Rifampicin;Tetracycline;Tigecycline,0.49954532033404253,0.5102911422200086,0.8605888789096892,0.5485506134721138,0.36104355857564663,0.03825947125210516,61056,61056
2,Staphylococcus aureus,staphylococcus_aureus,multilabel,7241,7515,1503,6012,12,Clindamycin;Cotrimoxazole;Erythromycin;Fosfomycin;Fusidic acid;Gentamicin;Levofloxacin;Mupirocin;Oxacillin;Rifampicin;Tetracycline;Tigecycline,0.789302198568793,0.5027949318834927,0.8601724320394536,0.5297687346287838,0.07087023347066057,0.026973802745291153,61056,61056
2,Staphylococcus capitis,staphylococcus_capitis,binary,419,518,103,415,6,Clindamycin;Cotrimoxazole;Erythromycin;Gentamicin;Oxacillin;Tetracycline,0.6721423950757651,0.49910724940197415,0.6838557491881154,0.5124373817454002,0.011713354112350305,0.01333013234342606,2452,2452
2,Staphylococcus capitis,staphylococcus_capitis,multilabel,419,518,103,415,6,Clindamycin;Cotrimoxazole;Erythromycin;Gentamicin;Oxacillin;Tetracycline,0.5151379713667757,0.5407679624506713,0.5388698305660649,0.519416085095793,0.023731859199289107,-0.021351877354878313,2452,2452
2,Staphylococcus epidermidis,staphylococcus_epidermidis,binary,5731,3731,746,2985,11,Clindamycin;Cotrimoxazole;Erythromycin;Fosfomycin;Gentamicin;Levofloxacin;Linezolid;Oxacillin;Rifampicin;Tetracycline;Tigecycline,0.509046383761633,0.6078674914490519,0.8148909301304168,0.6149292438054593,0.3058445463687838,0.00706175235640738,32506,32506
2,Staphylococcus epidermidis,staphylococcus_epidermidis,multilabel,5731,3731,746,2985,11,Clindamycin;Cotrimoxazole;Erythromycin;Fosfomycin;Gentamicin;Levofloxacin;Linezolid;Oxacillin;Rifampicin;Tetracycline;Tigecycline,0.7529088153644508,0.49572279749072357,0.8110686478141389,0.5487245797554227,0.05815983244968814,0.05300178226469909,32506,32506
2,Staphylococcus haemolyticus,staphylococcus_haemolyticus,binary,301,504,100,404,10,Clindamycin;Cotrimoxazole;Erythromycin;Fosfomycin;Gentamicin;Levofloxacin;Oxacillin;Rifampicin;Tetracycline;Tigecycline,0.6968485185824372,0.6125507826019285,0.6932863946117646,0.6276697745482256,-0.0035621239706726815,0.015118991946297067,4015,4015
2,Staphylococcus haemolyticus,staphylococcus_haemolyticus,multilabel,301,504,100,404,10,Clindamycin;Cotrimoxazole;Erythromycin;Fosfomycin;Gentamicin;Levofloxacin;Oxacillin;Rifampicin;Tetracycline;Tigecycline,0.5272324396992647,0.6399039554248153,0.7912513468256893,0.5984093585424521,0.2640189071264246,-0.04149459688236312,4015,4015
2,Staphylococcus hominis,staphylococcus_hominis,binary,780,635,127,508,9,Clindamycin;Cotrimoxazole;Erythromycin;Fosfomycin;Gentamicin;Levofloxacin;Oxacillin;Rifampicin;Tetracycline,0.28126293414614584,0.5254078286043521,0.5216560720301596,0.5473042200482185,0.24039313788401379,0.02189639144386646,4518,4518
2,Staphylococcus hominis,staphylococcus_hominis,multilabel,780,635,127,508,9,Clindamycin;Cotrimoxazole;Erythromycin;Fosfomycin;Gentamicin;Levofloxacin;Oxacillin;Rifampicin;Tetracycline,0.6266026309456966,0.5285807443632994,0.7879008582658218,0.5158210140895171,0.16129822732012522,-0.0127597302737823,4518,4518
2,Staphylococcus lugdunensis,staphylococcus_lugdunensis,binary,479,322,64,258,5,Clindamycin;Erythromycin;Levofloxacin;Oxacillin;Tetracycline,0.7417601495726496,0.5614204237157338,0.7545606303418804,0.5746822676722416,0.012800480769230793,0.013261843956507868,1288,1288
2,Staphylococcus lugdunensis,staphylococcus_lugdunensis,multilabel,479,322,64,258,5,Clindamycin;Erythromycin;Levofloxacin;Oxacillin;Tetracycline,0.6985599180911682,0.5236363688099359,0.7114472044159544,0.5816836216760276,0.012887286324786196,0.05804725286609169,1288,1288
2,Stenotrophomonas maltophilia,stenotrophomonas_maltophilia,binary,656,544,108,436,0,,,,,,,,0,0
2,Stenotrophomonas maltophilia,stenotrophomonas_maltophilia,multilabel,656,544,108,436,0,,,,,,,,0,0
2,Streptococcus pneumoniae,streptococcus_pneumoniae,binary,500,77,15,62,4,Azithromycin;Clarithromycin;Clindamycin;Erythromycin,0.5604503181595692,0.5545777845036319,0.5285119921683799,0.47969884987893463,-0.0319383259911894,-0.0748789346246973,245,245
2,Streptococcus pneumoniae,streptococcus_pneumoniae,multilabel,500,77,15,62,4,Azithromycin;Clarithromycin;Clindamycin;Erythromycin,0.4505628976994616,0.48999192897497984,0.47369065100342633,0.47211713075060535,0.023127753303964715,-0.01787479822437449,245,245
3,Candida albicans,candida_albicans,binary,315,1603,320,1283,1,Voriconazole,0.5297939068100359,0.5297939068100359,0.6141726403823178,0.6141726403823178,0.08437873357228187,0.08437873357228187,1122,1122
3,Candida albicans,candida_albicans,multilabel,315,1603,320,1283,1,Voriconazole,0.5668309438470728,0.5668309438470728,0.5545848267622461,0.5545848267622461,-0.012246117084826702,-0.012246117084826702,1122,1122
3,Citrobacter freundii,citrobacter_freundii,binary,647,551,110,441,6,Ceftazidime;Ceftriaxone;Ciprofloxacin;Cotrimoxazole;Gentamicin;Piperacillin-Tazobactam,0.43691011654082024,0.4740647911738738,0.5736437156566884,0.6099377023118855,0.13673359911586813,0.1358729111380117,2517,2517
3,Citrobacter freundii,citrobacter_freundii,multilabel,647,551,110,441,6,Ceftazidime;Ceftriaxone;Ciprofloxacin;Cotrimoxazole;Gentamicin;Piperacillin-Tazobactam,0.40256891130736644,0.47606158784864766,0.6546216109567189,0.4102591613595125,0.25205269964935245,-0.06580242648913515,2517,2517
3,Citrobacter koseri,citrobacter_koseri,binary,851,557,111,446,6,Ceftazidime;Ceftriaxone;Ciprofloxacin;Cotrimoxazole;Gentamicin;Piperacillin-Tazobactam,0.4848076253248667,0.45819553746410674,0.8932648768855664,0.5688376219345298,0.40845725156069973,0.11064208447042306,2493,2493
3,Citrobacter koseri,citrobacter_koseri,multilabel,851,557,111,446,6,Ceftazidime;Ceftriaxone;Ciprofloxacin;Cotrimoxazole;Gentamicin;Piperacillin-Tazobactam,0.5033766042386733,0.5242107056156605,0.8489121989121989,0.5495019866571786,0.3455355946735257,0.02529128104151812,2493,2493
3,Enterobacter cloacae complex,enterobacter_cloacae_complex,binary,1607,1930,386,1544,9,Ceftazidime;Ceftriaxone;Ciprofloxacin;Cotrimoxazole;Fosfomycin;Gentamicin;Imipenem;Meropenem;Piperacillin-Tazobactam,0.5514623319459833,0.46990130611110575,0.8373484952564132,0.5607766320063635,0.28588616331042993,0.09087532589525776,12218,12218
3,Enterobacter cloacae complex,enterobacter_cloacae_complex,multilabel,1607,1930,386,1544,9,Ceftazidime;Ceftriaxone;Ciprofloxacin;Cotrimoxazole;Fosfomycin;Gentamicin;Imipenem;Meropenem;Piperacillin-Tazobactam,0.7081701523619299,0.46788991229765453,0.8135800327257291,0.39737746495657833,0.10540988036379917,-0.0705124473410762,12218,12218
3,Enterococcus faecalis,enterococcus_faecalis,binary,4632,5252,1050,4202,4,Ampicillin;Imipenem;Linezolid;Nitrofurantoin,0.5547888201783626,0.5711904955631633,0.9336489298603545,0.5442333942992803,0.3788601096819919,-0.026957101263882954,14412,14412
3,Enterococcus faecalis,enterococcus_faecalis,multilabel,4632,5252,1050,4202,4,Ampicillin;Imipenem;Linezolid;Nitrofurantoin,0.8927445623894759,0.4971781512199625,0.9154550204694099,0.5097431861043629,0.022710458079933993,0.012565034884400361,14412,14412
3,Enterococcus faecium,enterococcus_faecium,binary,2238,3088,617,2471,5,Ampicillin;Imipenem;Linezolid;Teicoplanin;Vancomycin,0.8148480356269523,0.6198912185695463,0.9332453038455149,0.6174614477672122,0.11839726821856256,-0.002429770802334086,9986,9986
3,Enterococcus faecium,enterococcus_faecium,multilabel,2238,3088,617,2471,5,Ampicillin;Imipenem;Linezolid;Teicoplanin;Vancomycin,0.8184456213892221,0.6042426250031451,0.9227499524749798,0.5533775086965382,0.10430433108575776,-0.05086511630660684,9986,9986
3,Escherichia coli,escherichia_coli,binary,7729,11877,2375,9502,11,Ampicillin;Ceftazidime;Ceftriaxone;Ciprofloxacin;Cotrimoxazole;Fosfomycin;Gentamicin;Imipenem;Meropenem;Nitrofurantoin;Piperacillin-Tazobactam,0.6923497316157681,0.4801063641970906,0.8286364861037804,0.5952730512780214,0.1362867544880123,0.11516668708093086,87862,87862
3,Escherichia coli,escherichia_coli,multilabel,7729,11877,2375,9502,11,Ampicillin;Ceftazidime;Ceftriaxone;Ciprofloxacin;Cotrimoxazole;Fosfomycin;Gentamicin;Imipenem;Meropenem;Nitrofurantoin;Piperacillin-Tazobactam,0.6218309267107085,0.48105021248253493,0.8290219068720242,0.6238437611167819,0.20719098016131565,0.14279354863424693,87862,87862
3,Haemophilus influenzae,haemophilus_influenzae,binary,842,224,44,180,1,Ampicillin,0.6089552238805971,0.6089552238805971,0.6404643449419569,0.6404643449419569,0.031509121061359835,0.031509121061359835,179,179
3,Haemophilus influenzae,haemophilus_influenzae,multilabel,842,224,44,180,1,Ampicillin,0.6633499170812603,0.6633499170812603,0.6522388059701493,0.6522388059701493,-0.011111111111111072,-0.011111111111111072,179,179
3,Klebsiella oxytoca,klebsiella_oxytoca,binary,1239,1593,318,1275,7,Ceftazidime;Ceftriaxone;Ciprofloxacin;Cotrimoxazole;Fosfomycin;Gentamicin;Piperacillin-Tazobactam,0.21536521505717646,0.5099746323456652,0.5423323757685969,0.5171147009344577,0.3269671607114205,0.007140068588792459,7524,7524
3,Klebsiella oxytoca,klebsiella_oxytoca,multilabel,1239,1593,318,1275,7,Ceftazidime;Ceftriaxone;Ciprofloxacin;Cotrimoxazole;Fosfomycin;Gentamicin;Piperacillin-Tazobactam,0.6870270389155841,0.4937006096720742,0.8459342154525655,0.4478732254605446,0.1589071765369814,-0.0458273842115296,7524,7524
3,Klebsiella pneumoniae,klebsiella_pneumoniae,binary,19265,4051,810,3241,11,Ampicillin;Ceftazidime;Ceftriaxone;Ciprofloxacin;Cotrimoxazole;Ertapenem;Fosfomycin;Gentamicin;Imipenem;Meropenem;Piperacillin-Tazobactam,0.6608434171478821,0.44975507149039873,0.8266359152798257,0.7021807436066726,0.16579249813194363,0.25242567211627387,29056,29056
3,Klebsiella pneumoniae,klebsiella_pneumoniae,multilabel,19265,4051,810,3241,11,Ampicillin;Ceftazidime;Ceftriaxone;Ciprofloxacin;Cotrimoxazole;Ertapenem;Fosfomycin;Gentamicin;Imipenem;Meropenem;Piperacillin-Tazobactam,0.7025841689388821,0.3452621643304919,0.8444112609517699,0.7030449016534026,0.1418270920128878,0.3577827373229107,29056,29056
3,Morganella morganii,morganella_morganii,binary,813,528,105,423,6,Ceftazidime;Ceftriaxone;Ciprofloxacin;Cotrimoxazole;Gentamicin;Piperacillin-Tazobactam,0.3656406092933454,0.4844789784519979,0.6323154924827981,0.5126648025122351,0.26667488318945265,0.02818582406023723,2382,2382
3,Morganella morganii,morganella_morganii,multilabel,813,528,105,423,6,Ceftazidime;Ceftriaxone;Ciprofloxacin;Cotrimoxazole;Gentamicin;Piperacillin-Tazobactam,0.5876786979163326,0.4934643712561058,0.7423231256019214,0.4781752533603141,0.15464442768558873,-0.015289117895791737,2382,2382
3,Proteus mirabilis,proteus_mirabilis,binary,2372,2515,503,2012,9,Ampicillin;Ceftazidime;Ceftriaxone;Ciprofloxacin;Cotrimoxazole;Fosfomycin;Gentamicin;Meropenem;Piperacillin-Tazobactam,0.4103692839947267,0.4952577723843944,0.7894939620814312,0.4815548525618861,0.37912467808670447,-0.013702919822508264,15838,15838
3,Proteus mirabilis,proteus_mirabilis,multilabel,2372,2515,503,2012,9,Ampicillin;Ceftazidime;Ceftriaxone;Ciprofloxacin;Cotrimoxazole;Fosfomycin;Gentamicin;Meropenem;Piperacillin-Tazobactam,0.4067453839819082,0.48174958977638266,0.8547277796017069,0.4788857829776372,0.4479823956197987,-0.002863806798745483,15838,15838
3,Proteus vulgaris,proteus_vulgaris,binary,435,474,94,380,4,Ceftazidime;Ceftriaxone;Cotrimoxazole;Gentamicin,0.6473117104316383,0.5764713798541051,0.8889420201412989,0.601982331071744,0.2416303097096606,0.02551095121763891,1406,1406
3,Proteus vulgaris,proteus_vulgaris,multilabel,435,474,94,380,4,Ceftazidime;Ceftriaxone;Cotrimoxazole;Gentamicin,0.4047523628226965,0.44876732362711397,0.854139531777043,0.4664587431143976,0.44938716895434655,0.017691419487283644,1406,1406
3,Pseudomonas aeruginosa,pseudomonas_aeruginosa,binary,5355,4266,853,3413,4,Amikacin;Ceftolozane-Tazobactam;Meropenem;Tobramycin,0.5029182124840876,0.478704488559765,0.7035296079335064,0.5987934613678425,0.20061139544941875,0.12008897280807751,9961,9961
3,Pseudomonas aeruginosa,pseudomonas_aeruginosa,multilabel,5355,4266,853,3413,4,Amikacin;Ceftolozane-Tazobactam;Meropenem;Tobramycin,0.3355957862277626,0.49954673648617764,0.7230218643598227,0.5993457729024565,0.38742607813206015,0.09979903641627885,9961,9961
3,Serratia marcescens,serratia_marcescens,binary,1253,1040,208,832,7,Ceftazidime;Ceftriaxone;Ciprofloxacin;Fosfomycin;Gentamicin;Imipenem;Piperacillin-Tazobactam,0.4308583984369266,0.5013483372821173,0.5635797296098952,0.4962502170580926,0.13272133117296864,-0.0050981202240246715,4949,4949
3,Serratia marcescens,serratia_marcescens,multilabel,1253,1040,208,832,7,Ceftazidime;Ceftriaxone;Ciprofloxacin;Fosfomycin;Gentamicin;Imipenem;Piperacillin-Tazobactam,0.5852590352707513,0.5144652303589063,0.7706962184027593,0.47796218095352333,0.18543718313200797,-0.036503049405383015,4949,4949
3,Staphylococcus aureus,staphylococcus_aureus,binary,7241,7515,1503,6012,12,Clindamycin;Cotrimoxazole;Erythromycin;Fosfomycin;Fusidic acid;Gentamicin;Levofloxacin;Mupirocin;Oxacillin;Rifampicin;Tetracycline;Tigecycline,0.5722303699734907,0.5337074805491223,0.8578772802739414,0.5612704837345294,0.28564691030045064,0.027563003185407053,61054,61054
3,Staphylococcus aureus,staphylococcus_aureus,multilabel,7241,7515,1503,6012,12,Clindamycin;Cotrimoxazole;Erythromycin;Fosfomycin;Fusidic acid;Gentamicin;Levofloxacin;Mupirocin;Oxacillin;Rifampicin;Tetracycline;Tigecycline,0.7229068601034334,0.5412272506691433,0.8554649085089598,0.5317663504471698,0.13255804840552643,-0.009460900221973545,61054,61054
3,Staphylococcus capitis,staphylococcus_capitis,binary,419,518,103,415,5,Clindamycin;Erythromycin;Gentamicin;Oxacillin;Tetracycline,0.4323598647065877,0.5524121071101538,0.428773012282526,0.5350673378326816,-0.003586852424061704,-0.017344769277472194,2040,2040
3,Staphylococcus capitis,staphylococcus_capitis,multilabel,419,518,103,415,5,Clindamycin;Erythromycin;Gentamicin;Oxacillin;Tetracycline,0.5333790006094445,0.5395606918213856,0.5547136678214902,0.5106517539566446,0.021334667212045688,-0.028908937864740913,2040,2040
3,Staphylococcus epidermidis,staphylococcus_epidermidis,binary,5731,3731,746,2985,11,Clindamycin;Cotrimoxazole;Erythromycin;Fosfomycin;Gentamicin;Levofloxacin;Linezolid;Oxacillin;Rifampicin;Tetracycline;Tigecycline,0.5720425544611074,0.5965476709704677,0.8125857700135902,0.6234061729498436,0.24054321555248281,0.026858501979375893,32524,32524
3,Staphylococcus epidermidis,staphylococcus_epidermidis,multilabel,5731,3731,746,2985,11,Clindamycin;Cotrimoxazole;Erythromycin;Fosfomycin;Gentamicin;Levofloxacin;Linezolid;Oxacillin;Rifampicin;Tetracycline;Tigecycline,0.7027305331525016,0.5749203284866861,0.8118984979517845,0.5594849152862376,0.10916796479928292,-0.0154354132004485,32524,32524
3,Staphylococcus haemolyticus,staphylococcus_haemolyticus,binary,301,504,100,404,9,Clindamycin;Cotrimoxazole;Erythromycin;Fosfomycin;Gentamicin;Levofloxacin;Oxacillin;Rifampicin;Tetracycline,0.430827058392205,0.643189672937853,0.6548572627155689,0.6501986661093511,0.2240302043233639,0.007008993171498057,3611,3611
3,Staphylococcus haemolyticus,staphylococcus_haemolyticus,multilabel,301,504,100,404,9,Clindamycin;Cotrimoxazole;Erythromycin;Fosfomycin;Gentamicin;Levofloxacin;Oxacillin;Rifampicin;Tetracycline,0.5747643371829039,0.6243432560659485,0.6801306456843916,0.6112886891386831,0.10536630850148776,-0.013054566927265476,3611,3611
3,Staphylococcus hominis,staphylococcus_hominis,binary,780,635,127,508,9,Clindamycin;Cotrimoxazole;Erythromycin;Fosfomycin;Gentamicin;Levofloxacin;Oxacillin;Rifampicin;Tetracycline,0.4902118221684597,0.5503158695887546,0.7214202602645452,0.56226490849163,0.2312084380960855,0.011949038902875464,4535,4535
3,Staphylococcus hominis,staphylococcus_hominis,multilabel,780,635,127,508,9,Clindamycin;Cotrimoxazole;Erythromycin;Fosfomycin;Gentamicin;Levofloxacin;Oxacillin;Rifampicin;Tetracycline,0.4303636825665561,0.5294856214745768,0.7306917888848674,0.5373440499481991,0.3003281063183113,0.007858428473622281,4535,4535
3,Staphylococcus lugdunensis,staphylococcus_lugdunensis,binary,479,322,64,258,5,Clindamycin;Erythromycin;Levofloxacin;Oxacillin;Tetracycline,0.428947439523029,0.5357764331894443,0.6776010050975375,0.570340468864144,0.24865356557450852,0.03456403567469968,1284,1284
3,Staphylococcus lugdunensis,staphylococcus_lugdunensis,multilabel,479,322,64,258,5,Clindamycin;Erythromycin;Levofloxacin;Oxacillin;Tetracycline,0.7058558639695949,0.5401242506991605,0.7199641551236559,0.5425365118996339,0.014108291154060981,0.0024122612004734423,1284,1284
3,Stenotrophomonas maltophilia,stenotrophomonas_maltophilia,binary,656,544,108,436,0,,,,,,,,0,0
3,Stenotrophomonas maltophilia,stenotrophomonas_maltophilia,multilabel,656,544,108,436,0,,,,,,,,0,0
3,Streptococcus pneumoniae,streptococcus_pneumoniae,binary,500,77,15,62,3,Azithromycin;Clarithromycin;Erythromycin,0.5136904761904761,0.5410714285714285,0.4803571428571429,0.44107142857142856,-0.033333333333333215,-0.09999999999999998,183,183
3,Streptococcus pneumoniae,streptococcus_pneumoniae,multilabel,500,77,15,62,3,Azithromycin;Clarithromycin;Erythromycin,0.4952380952380953,0.48571428571428577,0.479563492063492,0.4440476190476191,-0.015674603174603285,-0.041666666666666685,183,183
4,Candida albicans,candida_albicans,binary,315,1603,320,1283,3,Caspofungin;Micafungin;Voriconazole,0.6092077623286987,0.46728868232617127,0.6080699209762929,0.42111556840285935,-0.0011378413524057995,-0.046173113923311915,3089,3089
4,Candida albicans,candida_albicans,multilabel,315,1603,320,1283,3,Caspofungin;Micafungin;Voriconazole,0.5850880264079223,0.42042573872313543,0.5826247874362308,0.4175501728684796,-0.0024632389716915393,-0.002875565854655815,3089,3089
4,Citrobacter freundii,citrobacter_freundii,binary,647,551,110,441,8,Ceftazidime;Ceftriaxone;Ciprofloxacin;Cotrimoxazole;Gentamicin;Imipenem;Meropenem;Piperacillin-Tazobactam,0.4169199650370452,0.45684043802788366,0.5735684180178201,0.5382144103669009,0.1566484529807749,0.08137397233901722,3397,3397
4,Citrobacter freundii,citrobacter_freundii,multilabel,647,551,110,441,8,Ceftazidime;Ceftriaxone;Ciprofloxacin;Cotrimoxazole;Gentamicin;Imipenem;Meropenem;Piperacillin-Tazobactam,0.4810499869575365,0.4933348743696497,0.677059221936966,0.4238993124665764,0.19600923497942951,-0.06943556190307326,3397,3397
4,Citrobacter koseri,citrobacter_koseri,binary,851,557,111,446,4,Ceftazidime;Cotrimoxazole;Gentamicin;Piperacillin-Tazobactam,0.13982630936177737,0.4752598114102863,0.3726196693134204,0.5015731550839387,0.23279335995164302,0.026313343673652456,1777,1777
4,Citrobacter koseri,citrobacter_koseri,multilabel,851,557,111,446,4,Ceftazidime;Cotrimoxazole;Gentamicin;Piperacillin-Tazobactam,0.608528892927781,0.4131588130396363,0.8322511935063386,0.45888318016462326,0.22372230057855758,0.04572436712498695,1777,1777
4,Enterobacter cloacae complex,enterobacter_cloacae_complex,binary,1607,1930,386,1544,9,Ceftazidime;Ceftriaxone;Ciprofloxacin;Cotrimoxazole;Fosfomycin;Gentamicin;Imipenem;Meropenem;Piperacillin-Tazobactam,0.6239547998399744,0.463466520784504,0.8335314334270348,0.5597401267056288,0.20957663358706047,0.09627360592112477,12218,12218
4,Enterobacter cloacae complex,enterobacter_cloacae_complex,multilabel,1607,1930,386,1544,9,Ceftazidime;Ceftriaxone;Ciprofloxacin;Cotrimoxazole;Fosfomycin;Gentamicin;Imipenem;Meropenem;Piperacillin-Tazobactam,0.5136999084769104,0.4585361058964294,0.8057950284622384,0.40634244458126917,0.292095119985328,-0.052193661315160234,12218,12218
4,Enterococcus faecalis,enterococcus_faecalis,binary,4632,5252,1050,4202,5,Ampicillin;Imipenem;Linezolid;Nitrofurantoin;Vancomycin,0.5786234939148492,0.41546348650530296,0.8383226351790201,0.4596352177567651,0.2596991412641708,0.04417173125146212,18605,18605
4,Enterococcus faecalis,enterococcus_faecalis,multilabel,4632,5252,1050,4202,5,Ampicillin;Imipenem;Linezolid;Nitrofurantoin;Vancomycin,0.9124185058870181,0.4172830769924058,0.9351676075104198,0.45362867882606184,0.022749101623401713,0.03634560183365604,18605,18605
4,Enterococcus faecium,enterococcus_faecium,binary,2238,3088,617,2471,5,Ampicillin;Imipenem;Linezolid;Teicoplanin;Vancomycin,0.35961200775476193,0.5806858095220357,0.9384847417202834,0.5888310908231577,0.5788727339655215,0.00814528130112191,9992,9992
4,Enterococcus faecium,enterococcus_faecium,multilabel,2238,3088,617,2471,5,Ampicillin;Imipenem;Linezolid;Teicoplanin;Vancomycin,0.8488845096289179,0.6030007899242151,0.9221408800568368,0.5389706568349271,0.07325637042791888,-0.06403013308928807,9992,9992
4,Escherichia coli,escherichia_coli,binary,7729,11877,2375,9502,12,Ampicillin;Ceftazidime;Ceftriaxone;Ciprofloxacin;Cotrimoxazole;Ertapenem;Fosfomycin;Gentamicin;Imipenem;Meropenem;Nitrofurantoin;Piperacillin-Tazobactam,0.527203592693241,0.5097773181747892,0.8349234060796118,0.6124695751611496,0.3077198133863708,0.10269225698636042,88505,88505
4,Escherichia coli,escherichia_coli,multilabel,7729,11877,2375,9502,12,Ampicillin;Ceftazidime;Ceftriaxone;Ciprofloxacin;Cotrimoxazole;Ertapenem;Fosfomycin;Gentamicin;Imipenem;Meropenem;Nitrofurantoin;Piperacillin-Tazobactam,0.6628490527034269,0.5327634973578164,0.8299727447055095,0.6217852180384129,0.16712369200208266,0.08902172068059655,88505,88505
4,Haemophilus influenzae,haemophilus_influenzae,binary,842,224,44,180,2,Ampicillin;Levofloxacin,0.28553128371089537,0.6412674721629945,0.32537756202804746,0.6885335228618811,0.039846278317152095,0.047266050698886564,357,357
4,Haemophilus influenzae,haemophilus_influenzae,multilabel,842,224,44,180,2,Ampicillin;Levofloxacin,0.8095671521035599,0.5513326226012794,0.8046116504854368,0.5765387348969438,-0.0049555016181230815,0.025206112295664496,357,357
4,Klebsiella oxytoca,klebsiella_oxytoca,binary,1239,1593,318,1275,7,Ceftazidime;Ceftriaxone;Ciprofloxacin;Cotrimoxazole;Fosfomycin;Gentamicin;Piperacillin-Tazobactam,0.578031452389109,0.4945346775212765,0.861369679766391,0.49818482134278996,0.283338227377282,0.003650143821513463,7529,7529
4,Klebsiella oxytoca,klebsiella_oxytoca,multilabel,1239,1593,318,1275,7,Ceftazidime;Ceftriaxone;Ciprofloxacin;Cotrimoxazole;Fosfomycin;Gentamicin;Piperacillin-Tazobactam,0.5786966031570348,0.5223987402030319,0.813995648065535,0.4577156846742455,0.2352990449085003,-0.06468305552878639,7529,7529
4,Klebsiella pneumoniae,klebsiella_pneumoniae,binary,19265,4051,810,3241,11,Ampicillin;Ceftazidime;Ceftriaxone;Ciprofloxacin;Cotrimoxazole;Ertapenem;Fosfomycin;Gentamicin;Imipenem;Meropenem;Piperacillin-Tazobactam,0.6900282442396202,0.43388735373662973,0.8264475390183941,0.6922464715550043,0.1364192947787739,0.25835911781837456,29056,29056
4,Klebsiella pneumoniae,klebsiella_pneumoniae,multilabel,19265,4051,810,3241,11,Ampicillin;Ceftazidime;Ceftriaxone;Ciprofloxacin;Cotrimoxazole;Ertapenem;Fosfomycin;Gentamicin;Imipenem;Meropenem;Piperacillin-Tazobactam,0.6388232830519393,0.38347692463586314,0.8399433675826632,0.7064957483195072,0.20112008453072394,0.3230188236836441,29056,29056
4,Morganella morganii,morganella_morganii,binary,813,528,105,423,6,Ceftazidime;Ceftriaxone;Ciprofloxacin;Cotrimoxazole;Gentamicin;Piperacillin-Tazobactam,0.5960377289444312,0.485708368291242,0.6651707134100598,0.4947047543343526,0.06913298446562866,0.008996386043110649,2383,2383
4,Morganella morganii,morganella_morganii,multilabel,813,528,105,423,6,Ceftazidime;Ceftriaxone;Ciprofloxacin;Cotrimoxazole;Gentamicin;Piperacillin-Tazobactam,0.5246962655297971,0.4957040233473768,0.6155343713977275,0.47776165526475994,0.0908381058679304,-0.017942368082616844,2383,2383
4,Proteus mirabilis,proteus_mirabilis,binary,2372,2515,503,2012,8,Ampicillin;Ceftazidime;Ceftriaxone;Ciprofloxacin;Cotrimoxazole;Fosfomycin;Gentamicin;Piperacillin-Tazobactam,0.4255231051933968,0.4963256193340405,0.7745154687311724,0.5096061287967949,0.3489923635377756,0.013280509462754386,13838,13838
4,Proteus mirabilis,proteus_mirabilis,multilabel,2372,2515,503,2012,8,Ampicillin;Ceftazidime;Ceftriaxone;Ciprofloxacin;Cotrimoxazole;Fosfomycin;Gentamicin;Piperacillin-Tazobactam,0.5435523557055066,0.5081632502305731,0.8337470177129774,0.5153091169599354,0.2901946620074708,0.007145866729362349,13838,13838
4,Proteus vulgaris,proteus_vulgaris,binary,435,474,94,380,3,Ceftazidime;Cotrimoxazole;Gentamicin,0.44155087777685326,0.45862163000202566,0.8002805082429011,0.5065403321698286,0.35872963046604783,0.04791870216780297,1136,1136
4,Proteus vulgaris,proteus_vulgaris,multilabel,435,474,94,380,3,Ceftazidime;Cotrimoxazole;Gentamicin,0.8332996564962619,0.44880997799163264,0.8180222584083138,0.4136071737015981,-0.015277398087948146,-0.03520280429003453,1136,1136
4,Pseudomonas aeruginosa,pseudomonas_aeruginosa,binary,5355,4266,853,3413,4,Amikacin;Ceftolozane-Tazobactam;Meropenem;Tobramycin,0.3449601974005032,0.49445608038902655,0.6992903296250387,0.6010595193307555,0.35433013222453547,0.10660343894172897,9975,9975
4,Pseudomonas aeruginosa,pseudomonas_aeruginosa,multilabel,5355,4266,853,3413,4,Amikacin;Ceftolozane-Tazobactam;Meropenem;Tobramycin,0.3365739605039795,0.48700568683769935,0.6934688069785185,0.6252675101787494,0.35689484647453906,0.13826182334105003,9975,9975
4,Serratia marcescens,serratia_marcescens,binary,1253,1040,208,832,8,Ceftazidime;Ceftriaxone;Ciprofloxacin;Cotrimoxazole;Fosfomycin;Gentamicin;Imipenem;Piperacillin-Tazobactam,0.2720482185629333,0.5332436025913067,0.6552541196595362,0.5784124657951444,0.38320590109660285,0.04516886320383773,5785,5785
4,Serratia marcescens,serratia_marcescens,multilabel,1253,1040,208,832,8,Ceftazidime;Ceftriaxone;Ciprofloxacin;Cotrimoxazole;Fosfomycin;Gentamicin;Imipenem;Piperacillin-Tazobactam,0.5145147463292018,0.5381314222115595,0.8003261150505684,0.5299840977900332,0.2858113687213666,-0.008147324421526325,5785,5785
4,Staphylococcus aureus,staphylococcus_aureus,binary,7241,7515,1503,6012,12,Clindamycin;Cotrimoxazole;Erythromycin;Fosfomycin;Fusidic acid;Gentamicin;Levofloxacin;Mupirocin;Oxacillin;Rifampicin;Tetracycline;Tigecycline,0.6500619302915607,0.5053597733722116,0.8604521703723107,0.5538081074546586,0.21039024008075002,0.048448334082446975,61056,61056
4,Staphylococcus aureus,staphylococcus_aureus,multilabel,7241,7515,1503,6012,12,Clindamycin;Cotrimoxazole;Erythromycin;Fosfomycin;Fusidic acid;Gentamicin;Levofloxacin;Mupirocin;Oxacillin;Rifampicin;Tetracycline;Tigecycline,0.6955898380679405,0.5460786920470367,0.861693759640789,0.543328549873422,0.16610392157284848,-0.002750142173614689,61056,61056
4,Staphylococcus capitis,staphylococcus_capitis,binary,419,518,103,415,7,Clindamycin;Cotrimoxazole;Erythromycin;Gentamicin;Oxacillin;Rifampicin;Tetracycline,0.3839205432776489,0.4316422224966156,0.39604028549180215,0.42122075948736676,0.01211974221415324,-0.010421463009248844,2860,2860
4,Staphylococcus capitis,staphylococcus_capitis,multilabel,419,518,103,415,7,Clindamycin;Cotrimoxazole;Erythromycin;Gentamicin;Oxacillin;Rifampicin;Tetracycline,0.5276048545652445,0.4693563830406909,0.5280969149160432,0.41356525117862397,0.0004920603507986288,-0.05579113186206691,2860,2860
4,Staphylococcus epidermidis,staphylococcus_epidermidis,binary,5731,3731,746,2985,12,Clindamycin;Cotrimoxazole;Erythromycin;Fosfomycin;Gentamicin;Levofloxacin;Linezolid;Oxacillin;Rifampicin;Tetracycline;Tigecycline;Vancomycin,0.6467631946734227,0.5690720898572489,0.8355470571667138,0.58575429979013,0.18878386249329115,0.016682209932881165,35482,35482
4,Staphylococcus epidermidis,staphylococcus_epidermidis,multilabel,5731,3731,746,2985,12,Clindamycin;Cotrimoxazole;Erythromycin;Fosfomycin;Gentamicin;Levofloxacin;Linezolid;Oxacillin;Rifampicin;Tetracycline;Tigecycline;Vancomycin,0.8156145290673175,0.5415206338354311,0.835097912720596,0.5174113313784573,0.019483383653278508,-0.024109302456973847,35482,35482
4,Staphylococcus haemolyticus,staphylococcus_haemolyticus,binary,301,504,100,404,9,Clindamycin;Cotrimoxazole;Erythromycin;Fosfomycin;Gentamicin;Levofloxacin;Oxacillin;Rifampicin;Tetracycline,0.6429038998262693,0.6235245334664336,0.6435598976027377,0.6461404032015335,0.0006559977764684088,0.02261586973509999,3602,3602
4,Staphylococcus haemolyticus,staphylococcus_haemolyticus,multilabel,301,504,100,404,9,Clindamycin;Cotrimoxazole;Erythromycin;Fosfomycin;Gentamicin;Levofloxacin;Oxacillin;Rifampicin;Tetracycline,0.7222647535615183,0.6657139007517475,0.7160012699892918,0.6266232100721424,-0.0062634835722265025,-0.03909069067960513,3602,3602
4,Staphylococcus hominis,staphylococcus_hominis,binary,780,635,127,508,9,Clindamycin;Cotrimoxazole;Erythromycin;Fosfomycin;Gentamicin;Levofloxacin;Oxacillin;Rifampicin;Tetracycline,0.5922686039298459,0.5391971308073763,0.7357248020172888,0.5579041029440108,0.14345619808744292,0.018706972136634525,4521,4521
4,Staphylococcus hominis,staphylococcus_hominis,multilabel,780,635,127,508,9,Clindamycin;Cotrimoxazole;Erythromycin;Fosfomycin;Gentamicin;Levofloxacin;Oxacillin;Rifampicin;Tetracycline,0.6685840912935945,0.5441586944155532,0.7889554649673318,0.5342038341058877,0.12037137367373729,-0.009954860309665525,4521,4521
4,Staphylococcus lugdunensis,staphylococcus_lugdunensis,binary,479,322,64,258,5,Clindamycin;Erythromycin;Levofloxacin;Oxacillin;Tetracycline,0.621173430612555,0.5605710332026185,0.7034720865090222,0.5765395789690471,0.08229865589646712,0.015968545766428588,1286,1286
4,Staphylococcus lugdunensis,staphylococcus_lugdunensis,multilabel,479,322,64,258,5,Clindamycin;Erythromycin;Levofloxacin;Oxacillin;Tetracycline,0.6426877727835321,0.5342791771271285,0.6648643953705514,0.5493744019929212,0.022176622587019357,0.015095224865792733,1286,1286
4,Stenotrophomonas maltophilia,stenotrophomonas_maltophilia,binary,656,544,108,436,0,,,,,,,,0,0
4,Stenotrophomonas maltophilia,stenotrophomonas_maltophilia,multilabel,656,544,108,436,0,,,,,,,,0,0
4,Streptococcus pneumoniae,streptococcus_pneumoniae,binary,500,77,15,62,4,Azithromycin;Clarithromycin;Clindamycin;Erythromycin,0.570362212432697,0.5781476997578692,0.516764561918747,0.37132768361581925,-0.053597650513950046,-0.20682001614204992,245,245
4,Streptococcus pneumoniae,streptococcus_pneumoniae,multilabel,500,77,15,62,4,Azithromycin;Clarithromycin;Clindamycin;Erythromycin,0.5201908957415565,0.46396791767554474,0.4953499755261869,0.38669289749798225,-0.0248409202153696,-0.07727502017756249,245,245
